Rank,Player,Team,Pos,Bye,Best,Worst,Avg,Std Dev,ADP,vs. ADP
1,David Johnson,ARI,RB1,8,1,3,1.2,0.4,1,0
2,Le'Veon Bell,PIT,RB2,9,1,3,1.8,0.4,2,0
3,Antonio Brown,PIT,WR1,9,2,7,3.6,0.8,3,0
4,Odell Beckham Jr.,NYG,WR2,8,3,12,5.5,1.6,6,2
5,LeSean McCoy,BUF,RB3,6,2,15,5.6,2.5,5,0
6,Julio Jones,ATL,WR3,5,3,14,5.8,2.1,4,-2
7,Melvin Gordon,LAC,RB4,9,3,19,8.1,3.1,9,2
8,A.J. Green,CIN,WR4,6,4,16,9.3,2.4,10,2
9,Mike Evans,TB,WR5,11,3,19,9.4,2.7,7,-2
10,Devonta Freeman,ATL,RB5,5,3,27,9.9,3.3,8,-2
11,Jordy Nelson,GB,WR6,8,5,21,11.4,2.9,13,2
12,Jay Ajayi,MIA,RB6,11,3,27,12.8,3.9,15,3
13,Jordan Howard,CHI,RB7,9,6,24,12.9,3.6,14,1
14,DeMarco Murray,TEN,RB8,8,6,30,13.6,3.8,12,-2
15,Michael Thomas,NO,WR7,5,8,21,14.8,2.8,16,1
16,Dez Bryant,DAL,WR8,6,10,37,18.1,4,18,2
17,T.Y. Hilton,IND,WR9,11,9,36,18.8,4.3,22,5
18,Todd Gurley,LAR,RB9,8,10,46,18.9,4.9,21,3
19,Leonard Fournette,JAC,RB10,8,11,61,20.6,7.9,19,0
20,Amari Cooper,OAK,WR10,10,12,38,22.4,4.5,24,4
21,Doug Baldwin,SEA,WR11,6,15,53,23.4,6.3,27,6
22,Rob Gronkowski,NE,TE1,9,10,64,24.4,8.3,20,-2
23,Ezekiel Elliott,DAL,RB11,6,3,62,25.4,10.7,11,-12
24,Lamar Miller,HOU,RB12,7,11,53,26.1,8,26,2
25,Isaiah Crowell,CLE,RB13,9,8,50,26.4,7.3,30,5
26,DeAndre Hopkins,HOU,WR12,7,17,44,28.7,6.4,29,3
27,Brandin Cooks,NE,WR13,9,17,55,29.1,8.3,28,1
28,Demaryius Thomas,DEN,WR14,5,18,63,31.1,7.8,33,5
29,Aaron Rodgers,GB,QB1,8,9,50,33.5,5.6,17,-12
30,Marshawn Lynch,OAK,RB14,10,16,113,34.4,16.4,25,-5
31,Carlos Hyde,SF,RB15,11,15,65,34.9,10.3,37,6
32,Allen Robinson,JAC,WR15,8,19,60,35.2,8.6,40,8
33,Terrelle Pryor,WAS,WR16,5,18,86,36.2,10.4,34,1
34,Alshon Jeffery,PHI,WR17,10,20,65,36.5,8.5,38,4
35,Tom Brady,NE,QB2,9,8,73,37.7,8.1,23,-12
36,Travis Kelce,KC,TE2,10,22,64,38.7,7.9,35,-1
37,Davante Adams,GB,WR18,8,21,74,40.3,10.4,46,9
38,Joe Mixon,CIN,RB16,6,17,137,41.5,18.2,36,-2
39,Drew Brees,NO,QB3,5,19,71,41.8,7,32,-7
40,Keenan Allen,LAC,WR19,9,19,80,41.9,11.1,42,2
41,Michael Crabtree,OAK,WR20,10,28,90,43.9,10,51,10
42,Ty Montgomery,GB,RB17,8,14,152,44,17.4,44,2
43,Dalvin Cook,MIN,RB18,9,14,113,44.3,18.2,43,0
44,Christian McCaffrey,CAR,RB19,11,24,112,46.9,17.4,31,-13
45,Spencer Ware,KC,RB20,10,23,88,48.7,15.6,41,-4
46,Sammy Watkins,LAR,WR21,8,22,96,49.7,13.2,47,1
47,Mark Ingram,NO,RB21,5,23,90,50.5,13.7,53,6
48,C.J. Anderson,DEN,RB22,5,26,113,51.1,14.4,50,2
49,Golden Tate,DET,WR22,7,30,95,52.7,12.9,59,10
50,Greg Olsen,CAR,TE3,11,34,83,54.1,8.4,45,-5
51,Larry Fitzgerald,ARI,WR23,8,26,101,55.1,13,69,18
52,Tyreek Hill,KC,WR24,10,21,140,55.9,17.3,49,-3
53,Mike Gillislee,NE,RB23,9,17,110,56.2,16.3,61,8
54,Martavis Bryant,PIT,WR25,9,25,118,56.8,16.7,57,3
55,Emmanuel Sanders,DEN,WR26,5,36,123,57.2,14.5,62,7
56,Jordan Reed,WAS,TE4,5,33,110,58,15.3,52,-4
57,Russell Wilson,SEA,QB4,6,23,112,60.6,13.9,58,1
58,Jarvis Landry,MIA,WR27,11,38,107,60.7,14,48,-10
59,Matt Ryan,ATL,QB5,5,34,104,62.7,14.1,39,-20
60,Bilal Powell,NYJ,RB24,11,27,115,62.8,17.8,68,8
61,Ameer Abdullah,DET,RB25,7,31,120,63.5,14.4,72,11
62,Tevin Coleman,ATL,RB26,5,28,98,65.4,15.7,60,-2
63,Frank Gore,IND,RB27,11,22,138,65.6,17.2,73,10
64,Julian Edelman,NE,WR28,9,27,123,65.9,14.8,54,-10
65,Jimmy Graham,SEA,TE5,6,43,124,66.4,12.4,55,-10
66,Kelvin Benjamin,CAR,WR29,11,29,110,67.5,16.4,56,-10
67,Jamison Crowder,WAS,WR30,5,39,94,68,13.9,86,19
68,Andrew Luck,IND,QB6,11,28,125,70,18.6,63,-5
69,Stefon Diggs,MIN,WR31,9,36,108,70.9,16.1,71,2
70,Willie Snead,NO,WR32,5,31,122,72.1,14.5,83,13
71,LeGarrette Blount,PHI,RB28,10,30,123,73.8,17.7,64,-7
72,Tyler Eifert,CIN,TE6,6,44,108,74.7,12.8,65,-7
73,Eddie Lacy,SEA,RB29,6,28,118,74.8,22.3,77,4
74,Brandon Marshall,NYG,WR33,8,41,117,75.7,16.4,66,-8
75,Paul Perkins,NYG,RB30,8,39,207,77.8,21.7,78,3
76,Adrian Peterson,NO,RB31,5,27,176,77.7,22.4,67,-9
77,Kirk Cousins,WAS,QB7,5,39,130,78.2,17.4,82,5
78,Donte Moncrief,IND,WR34,11,43,132,78.3,16,88,10
79,Danny Woodhead,BAL,RB32,10,26,211,80.8,24.4,85,6
80,DeSean Jackson,TB,WR35,11,32,132,82.1,15,89,9
81,Pierre Garcon,SF,WR36,11,52,228,83.7,23.3,95,14
82,Marcus Mariota,TEN,QB8,8,42,177,83.6,21.9,81,-1
83,Kyle Rudolph,MIN,TE7,9,53,126,85.1,14.3,80,-3
84,Doug Martin,TB,RB33,11,46,182,85.7,23.6,79,-5
85,Jameis Winston,TB,QB9,11,40,164,85.7,19.9,75,-10
86,Terrance West,BAL,RB34,10,30,210,84.5,25,104,18
87,Cam Newton,CAR,QB10,11,39,152,87.2,18.7,74,-13
88,Robert Kelley,WAS,RB35,5,39,150,89.9,21.7,91,3
89,Delanie Walker,TEN,TE8,8,56,128,91.4,14.3,70,-19
90,Devante Parker,MIA,WR37,11,52,141,93.1,18.5,110,20
91,Eric Decker,TEN,WR38,8,45,145,92.2,17.1,92,1
92,Tyrell Williams,LAC,WR39,9,49,139,92.7,19.9,120,28
93,Ben Roethlisberger,PIT,QB11,9,42,176,94.7,22.3,94,1
94,Derek Carr,OAK,QB12,10,56,150,95.5,18.7,76,-18
95,Jeremy Maclin,BAL,WR40,10,51,186,94.5,22.7,100,5
96,Derrick Henry,TEN,RB36,8,61,142,97.3,16.4,87,-9
97,Jonathan Stewart,CAR,RB37,11,30,138,96.5,19,98,1
98,Cameron Meredith,CHI,WR41,9,45,189,97.9,21.7,101,3
99,Zach Ertz,PHI,TE9,10,61,152,99,16.1,97,-2
100,Martellus Bennett,GB,TE10,8,70,138,99.7,15.2,84,-16
101,Dak Prescott,DAL,QB13,6,68,174,102.4,16.8,90,-11
102,Kenny Britt,CLE,WR42,9,63,146,102.2,17.2,123,21
103,Philip Rivers,LAC,QB14,9,56,179,104.7,20,112,9
104,Matthew Stafford,DET,QB15,7,55,175,107,20.7,108,4
105,Matt Forte,NYJ,RB38,11,56,171,107.6,21.6,105,0
106,Eric Ebron,DET,TE11,7,68,145,109.2,15.6,129,23
107,Randall Cobb,GB,WR43,8,60,161,108.9,17.3,93,-14
108,Theo Riddick,DET,RB39,7,59,144,107.9,15.9,99,-9
109,Hunter Henry,LAC,TE12,9,64,190,110.5,17.9,102,-7
110,John Brown,ARI,WR44,8,44,193,111.3,26.3,126,16
111,Jordan Matthews,BUF,WR45,6,45,165,111.4,21.9,142,31
112,Kareem Hunt,KC,RB40,10,48,243,111.6,24,96,-16
113,Mike Wallace,BAL,WR46,10,68,211,114.2,21.3,140,27
114,Adam Thielen,MIN,WR47,9,76,162,116.2,17,138,24
115,Corey Coleman,CLE,WR48,9,78,161,116.8,16.2,117,2
116,Andy Dalton,CIN,QB16,6,66,179,117,18.7,146,30
117,Rishard Matthews,TEN,WR49,8,81,224,120.7,22,116,-1
118,Corey Davis,TEN,WR50,8,31,268,122.3,33.6,111,-7
119,Jack Doyle,IND,TE13,11,79,209,119.8,18.2,132,13
120,Tyrod Taylor,BUF,QB17,6,67,196,120,19.6,139,19
121,Duke Johnson,CLE,RB41,9,76,205,119.8,20.8,130,9
122,Eli Manning,NYG,QB18,8,86,193,123,17.6,136,14
123,Samaje Perine,WAS,RB42,5,34,267,125.8,33.3,103,-20
124,Thomas Rawls,SEA,RB43,6,61,202,124.1,30.3,119,-5
125,C.J. Prosise,SEA,RB44,6,89,256,125.6,24.8,121,-4
126,Marvin Jones,DET,WR51,7,91,231,127.6,21.1,143,17
127,Darren McFadden,DAL,RB45,6,49,270,128.6,53.5,125,-2
128,Carson Palmer,ARI,QB19,8,82,188,132.3,16.3,154,26
129,James White,NE,RB46,9,83,243,132.6,25.3,128,-1
130,Jeremy Hill,CIN,RB47,6,68,222,133.8,31.3,137,7
131,Jacquizz Rodgers,TB,RB48,11,76,211,135.5,29.7,134,3
132,Latavius Murray,MIN,RB49,9,61,236,135.1,29.3,106,-26
133,Coby Fleener,NO,TE14,5,89,201,135.6,20.6,160,27
134,Carson Wentz,PHI,QB20,10,104,194,137.2,18.3,145,11
135,Ted Ginn,NO,WR52,5,95,263,139,27.7,153,18
136,Denver Broncos,,DST1,5,111,291,146.8,31.1,107,-29
137,Jamaal Williams,GB,RB50,8,68,214,139.1,32,144,7
138,Darren Sproles,PHI,RB51,10,69,221,139.6,26.4,155,17
139,Sterling Shepard,NYG,WR53,8,91,223,146.5,22,149,10
140,Seattle Seahawks,,DST2,6,117,210,144.9,18.1,115,-25
141,Giovani Bernard,CIN,RB52,6,76,237,144.1,27,183,42
142,Houston Texans,,DST3,7,118,211,146.1,16.7,118,-24
143,Jason Witten,DAL,TE15,6,111,200,148.8,21.6,148,5
144,Jamaal Charles,DEN,RB53,5,77,221,145.7,24.6,135,-9
145,Josh Doctson,WAS,WR54,5,102,266,152.1,27.6,172,27
146,Kansas City Chiefs,,DST4,10,115,212,150.7,17.7,113,-33
147,Austin Hooper,ATL,TE16,5,71,270,152,29.9,165,18
148,Tyler Lockett,SEA,WR55,6,103,231,152.9,22.5,166,18
149,Cameron Brate,TB,TE17,11,100,244,152.7,27.8,184,35
150,Blake Bortles,JAC,QB21,8,109,287,150.5,30.6,192,42
151,C.J. Fiedorowicz,HOU,TE18,7,104,256,158.9,31.6,260,109
152,Zay Jones,BUF,WR56,6,92,271,157.7,34.2,158,6
153,Kenny Stills,MIA,WR57,11,96,258,158.1,27.4,203,50
154,Kevin White,CHI,WR58,9,95,251,156.2,27,169,15
155,Robby Anderson,NYJ,WR59,11,98,261,155.2,34.7,197,42
156,Julius Thomas,MIA,TE19,11,89,238,156.9,27.2,171,15
157,Breshad Perriman,BAL,WR60,10,102,250,161.9,28.4,188,31
158,Minnesota Vikings,,DST5,9,126,213,158.2,17.3,127,-31
159,Arizona Cardinals,,DST6,8,122,239,161.4,20.4,124,-35
160,Antonio Gates,LAC,TE20,9,111,255,164.8,23.2,186,26
161,J.J. Nelson,ARI,WR61,8,98,262,170,31.5,168,7
162,Joe Flacco,BAL,QB22,10,105,289,165.5,26.3,199,37
163,Cole Beasley,DAL,WR62,6,118,259,173.3,33.1,161,-2
164,New England Patriots,,DST7,9,123,214,168.4,18.9,131,-33
165,Robert Woods,LAR,WR63,8,102,292,175.2,36.9,254,89
166,Justin Tucker,BAL,K1,10,113,292,174.4,25.1,114,-52
167,Marqise Lee,JAC,WR64,8,124,239,173.4,26.5,226,59
168,Joe Williams,SF,RB54,11,92,247,171.9,33.9,156,-12
169,Stephen Gostkowski,NE,K2,9,112,239,170.1,15.5,109,-60
170,Sam Bradford,MIN,QB23,9,100,291,171.2,29.7,214,44
171,Alvin Kamara,NO,RB55,5,95,237,172,27.8,210,39
172,DeAndre Washington,OAK,RB56,10,101,260,173.5,33.7,200,28
173,Jay Cutler,MIA,QB24,11,109,290,169.8,31.3,223,50
174,Rex Burkhead,NE,RB57,9,106,239,172.8,27.8,178,4
175,John Ross,CIN,WR65,6,87,272,175.4,31.3,151,-24
176,Dion Lewis,NE,RB58,9,104,257,173.3,29.9,175,-1
177,Taylor Gabriel,ATL,WR66,5,119,247,175.7,24.1,163,-14
178,Jonathan Williams,BUF,RB59,6,108,275,176.1,34.8,162,-16
179,Chris Thompson,WAS,RB60,5,112,280,179.2,32.7,241,62
180,Allen Hurns,JAC,WR67,8,98,239,180.1,27.4,215,35
181,Shane Vereen,NYG,RB61,8,120,269,181.8,36.4,249,68
182,Kenny Golladay,DET,WR68,7,87,269,185.4,45.1,189,7
183,D'Onta Foreman,HOU,RB62,7,112,247,180.9,29.1,194,11
184,O.J. Howard,TB,TE21,11,88,244,179.7,31.4,133,-51
185,Marlon Mack,IND,RB63,11,127,259,177.7,28.7,176,-9
186,Alex Smith,KC,QB25,10,106,288,181,26.9,191,5
187,Carolina Panthers,,DST8,11,136,218,179,18.1,150,-37
188,Anquan Boldin,BUF,WR69,6,110,340,182,43.2,239,51
189,Dan Bailey,DAL,K3,6,131,287,180.4,19.9,141,-48
190,Devin Funchess,CAR,WR70,11,113,249,186.6,32.9,247,57
191,Matt Bryant,ATL,K4,5,125,286,181.7,21.6,122,-69
192,New York Giants,,DST9,8,132,250,182.2,20.6,147,-45
193,Mason Crosby,GB,K5,8,133,285,187,22,152,-41
194,Jared Cook,OAK,TE22,10,116,261,186.5,26.1,177,-17
195,Jalen Richard,OAK,RB64,10,125,275,193.9,31,206,11
196,Mohamed Sanu,ATL,WR71,5,138,281,197.3,32.5,196,0
197,Charles Sims,TB,RB65,11,128,268,191.2,29.4,213,16
198,Brian Hoyer,SF,QB26,11,125,319,196.4,33.7,326,128
199,Los Angeles Rams,,DST10,8,125,262,190,23.5,179,-20
200,David Njoku,CLE,TE23,9,108,255,194.1,26.5,218,18
201,Robert Turbin,IND,RB66,11,119,291,198.7,40.4,235,34
202,Nelson Agholor,PHI,WR72,10,126,337,199.1,44,227,25
203,Evan Engram,NYG,TE24,8,135,245,192.2,23.1,185,-18
204,Jacksonville Jaguars,,DST11,8,142,249,192.9,21.6,170,-34
205,Adam Vinatieri,IND,K6,11,138,284,194.9,23,167,-38
206,Will Fuller,HOU,WR73,7,116,266,198.4,36.5,258,52
207,Mike Williams,LAC,WR74,9,120,289,203.7,44.6,220,13
208,Devontae Booker,DEN,RB67,5,106,266,204.1,37,219,11
209,Charles Clay,BUF,TE25,6,142,312,202.5,33.5,232,23
210,Dwayne Allen,NE,TE26,9,124,273,202.2,33.5,204,-6
211,Tim Hightower,SF,RB68,11,129,288,206.9,36.4,286,75
212,Zach Miller,CHI,TE27,9,126,291,204.9,36.8,291,79
213,Torrey Smith,PHI,WR75,10,116,292,209.4,37.2,303,90
214,Cooper Kupp,LAR,WR76,8,126,277,208.4,38.8,201,-13
215,Malcolm Mitchell,NE,WR77,9,104,269,199.3,33,209,-6
216,Baltimore Ravens,,DST12,10,140,249,197.6,20.4,173,-43
217,Tavon Austin,LAR,WR78,8,124,266,205.9,28.9,246,29
218,Austin Seferian-Jenkins,NYJ,TE28,11,124,327,203,35.4,312,94
219,Jesse James,PIT,TE29,9,112,264,206.1,28.8,230,11
220,Deshaun Watson,HOU,QB27,7,125,286,206.3,32.3,174,-46
221,Paul Richardson,SEA,WR79,6,131,296,218.5,40.4,284,63
222,T.J. Yeldon,JAC,RB69,8,131,260,205.6,27.4,208,-14
223,Pittsburgh Steelers,,DST13,9,144,280,202.9,22.3,180,-43
224,Steven Hauschka,BUF,K7,6,131,290,207.6,31.6,164,-60
225,James Conner,PIT,RB70,9,131,278,217,36.8,205,-20
226,Cincinnati Bengals,,DST14,6,140,253,209.4,26.4,240,14
227,Jerick McKinnon,MIN,RB71,9,137,287,209.7,30.2,313,86
228,Philadelphia Eagles,,DST15,10,145,262,206.7,23.6,198,-30
229,Cairo Santos,KC,K8,10,148,292,208.2,24.8,159,-70
230,Matt Prater,DET,K9,7,149,290,208,26.1,195,-35
231,Chris Conley,KC,WR80,10,139,274,210.3,30.2,275,44
232,Wendell Smallwood,PHI,RB72,10,146,272,220.4,35.3,233,1
233,Chris Hogan,NE,WR81,9,154,264,222,29.4,242,9
234,Curtis Samuel,CAR,WR82,11,134,271,219.5,28,224,-10
235,Ryan Mathews,FA,RB73,,140,286,214.7,34.7,264,29
236,Dustin Hopkins,WAS,K10,5,154,296,217.1,30.8,231,-5
237,Tyler Boyd,CIN,WR83,6,135,272,226.5,32.2,263,26
238,Oakland Raiders,,DST16,10,146,272,213.1,24.8,211,-27
239,Terrance Williams,DAL,WR84,6,147,303,226.6,37.9,287,48
240,Brandon LaFell,CIN,WR85,6,123,282,226.2,35.7,234,-6
241,Chris Ivory,JAC,RB74,8,135,259,221.8,31.3,251,10
242,Trevor Siemian,DEN,QB28,5,134,292,221.2,29.6,279,37
243,Jared Goff,LAR,QB29,8,140,313,225.6,30.5,308,65
244,ArDarius Stewart,NYJ,WR86,11,162,283,221.6,31.3,,
245,Chris Boswell,PIT,K11,9,155,295,225.6,28.5,193,-52
246,Sebastian Janikowski,OAK,K12,10,150,289,215.6,23.3,182,-64
247,Chandler Catanzaro,NYJ,K13,11,134,305,212.8,41.9,187,-60
248,Will Lutz,NO,K14,5,152,296,220.7,28.1,181,-67
249,Brandon McManus,DEN,K15,5,145,291,216.9,26.8,207,-42
250,Eli Rogers,PIT,WR87,9,136,323,232.9,32.5,333,83
251,Mike Glennon,CHI,QB30,9,146,346,230,32.3,,
252,Laquon Treadwell,MIN,WR88,9,157,277,231.7,32,244,-8
253,New York Jets,,DST17,11,139,332,220.8,48.3,294,41
254,Alfred Morris,DAL,RB75,6,144,303,231.1,41.2,190,-64
255,Zach Zenner,DET,RB76,7,155,274,232.1,30.4,229,-26
256,De'Angelo Henderson,DEN,RB77,5,139,284,203.2,43.1,237,-19
257,Green Bay Packers,,DST18,8,151,282,218.5,22.7,216,-41
258,Braxton Miller,HOU,WR89,7,140,325,230.2,40.4,272,14
259,Jaron Brown,ARI,WR90,8,137,297,208.8,40.8,,
260,Tyler Higbee,LAR,TE30,8,149,291,230.9,31.2,,
261,Vance McDonald,SF,TE31,11,129,282,226.2,33,222,-39
262,Benjamin Watson,BAL,TE32,10,163,277,218.3,30.3,350,88
263,Kyle Juszczyk,SF,RB78,11,163,295,222.8,42.4,276,13
264,Travis Benjamin,LAC,WR91,9,152,329,237.1,33.9,322,58
265,Graham Gano,CAR,K16,11,148,294,224.6,26.1,157,-108
266,Jeremy McNichols,TB,RB79,11,145,278,226.3,28.8,236,-30
267,Michael Floyd,MIN,WR92,9,150,322,241.4,34.5,325,58
268,Wayne Gallman,NYG,RB80,8,178,299,228.8,31.2,298,30
269,JuJu Smith-Schuster,PIT,WR93,9,126,276,236.8,33.9,274,5
270,Tampa Bay Buccaneers,,DST19,11,152,271,226.2,24.4,228,-42
271,Caleb Sturgis,PHI,K17,10,158,299,232.1,33.3,268,-3
272,Buffalo Bills,,DST20,6,156,275,228.1,27.8,252,-20
273,Los Angeles Chargers,,DST21,9,183,287,224.5,23.7,262,-11
274,Orleans Darkwa,NYG,RB81,8,162,285,218,38.6,,
275,Tom Savage,HOU,QB31,7,135,341,244.4,43.2,,
276,Atlanta Falcons,,DST22,5,178,287,229.2,26.4,202,-74
277,Dontrelle Inman,LAC,WR94,9,117,344,259.9,45.4,328,51
278,Kendall Wright,CHI,WR95,9,157,283,234.5,23.7,,
279,Jeremy Langford,CHI,RB82,9,172,298,243.8,28,299,20
280,Elijah Hood,OAK,RB83,10,136,329,243.7,41.8,282,2
281,Dion Sims,CHI,TE33,9,167,301,235.3,41.9,,
282,Josh Gordon,CLE,WR96,9,159,307,240,41.5,248,-34
283,A.J. Derby,DEN,TE34,5,141,313,241.7,39.7,,
284,Josh McCown,NYJ,QB32,11,158,295,239.3,28.2,,
285,Tennessee Titans,,DST23,8,165,286,241.6,37.5,267,-18
286,Mitch Trubisky,CHI,QB33,9,166,339,256.5,41.4,273,-13
287,Vernon Davis,WAS,TE35,5,168,338,242.4,39.4,340,53
288,Clive Walford,OAK,TE36,10,144,380,266,96.5,,
289,Kenyan Drake,MIA,RB84,11,170,323,239,32.9,225,-64
290,Chad Henne,JAC,QB34,8,167,284,221.4,42.3,,
291,Marquise Goodwin,SF,WR97,11,183,350,238.8,42.4,330,39
292,Dallas Cowboys,,DST24,6,166,327,241.5,42.3,217,-75
293,Detroit Lions,,DST25,7,159,338,242.4,41.1,277,-16
294,Wendall Williams,HOU,WR98,7,157,288,238.3,58,,
295,Jeremy Kerley,SF,WR99,11,162,340,238.4,31.9,343,48
296,Mike Nugent,NYG,K18,8,160,351,247.8,49.3,,
297,DeShone Kizer,CLE,QB35,9,159,356,245,38.3,332,35
298,Aaron Jones,GB,RB85,8,172,311,243.5,33.6,243,-55
299,Paxton Lynch,DEN,QB36,5,161,397,279.1,61.6,336,37
300,Seth Roberts,OAK,WR100,10,177,343,247.1,39.5,346,46
301,Roberto Aguayo,CHI,K19,9,162,391,254.4,64.6,289,-12
302,Donnel Pumphrey,PHI,RB86,10,171,321,250.2,30.9,266,-36
303,Javorius Allen,BAL,RB87,10,165,370,261.6,53,306,3
304,Branden Oliver,LAC,RB88,9,180,312,243.6,33.8,310,6
305,Jermaine Gresham,ARI,TE37,8,172,294,238.9,25.6,,
306,Aldrick Robinson,SF,WR101,11,170,273,250.1,31.2,,
307,Dwayne Washington,DET,RB89,7,182,358,250.4,52.5,,
308,Jimmy Garoppolo,NE,QB37,9,173,344,266.9,44.9,338,30
309,Chris Johnson,ARI,RB90,8,179,381,254.4,55.2,,
310,Ladarius Green,FA,TE38,,180,301,242.9,31.5,269,-41
311,DeAngelo Williams,FA,RB91,,181,322,250.3,42.2,212,-99
312,Tarik Cohen,CHI,RB92,9,182,344,259.3,49.3,,
313,Charcandrick West,KC,RB93,10,182,327,266.2,39.4,316,3
314,Alfred Blue,HOU,RB94,7,184,259,225.3,33.7,351,37
315,Charone Peake,NYJ,WR102,11,184,290,246.1,30.3,,
316,Nick Folk,TB,K20,11,185,306,263.2,43.4,,
317,Matt Jones,WAS,RB95,5,186,360,262.1,39.1,311,-6
318,Will Tye,NYG,TE39,8,187,381,286.7,61.1,,
319,Phil Dawson,ARI,K21,8,190,295,251.5,29,285,-34
320,Tajae Sharpe,TEN,WR103,8,190,299,251.5,26.1,270,-50
321,Blair Walsh,SEA,K22,6,191,320,234.2,24.6,221,-100
322,Nick Novak,HOU,K23,7,195,313,241.3,31.9,271,-51
323,Rashad Jennings,FA,RB96,,195,374,267.3,64.8,,
324,Josh Lambo,LAC,K24,9,196,314,248.2,34.8,297,-27
325,Lance Kendricks,GB,TE40,8,192,337,281.2,48.5,,
326,Kenneth Farrow,LAC,RB97,9,194,346,290.7,68.6,,
327,Markus Wheaton,CHI,WR104,9,195,324,263.3,36.3,,
328,Miami Dolphins,,DST26,11,196,321,242.6,24.4,255,-73
329,Chester Rogers,IND,WR105,11,196,361,252.2,58.7,,
330,Carlos Henderson,DEN,WR106,5,196,339,261.4,41.5,238,-92
331,Cody Kessler,CLE,QB38,9,198,317,251.2,28.7,324,-7
332,Chris Godwin,TB,WR107,11,198,343,255.7,39.4,253,-79
333,Kamar Aiken,IND,WR108,11,200,345,255,25.8,280,-53
334,Ryan Succop,TEN,K25,8,200,330,260.6,52.6,335,1
335,Elijah McGuire,NYJ,RB98,11,211,248,229.5,18.5,,
336,Chris Carson,SEA,RB99,6,213,259,230.7,20.2,,
337,Gerald Everett,LAR,TE41,8,203,264,235.6,18.3,,
338,Erik Swoope,IND,TE42,11,205,284,237.8,23.3,292,-46
339,Matt Breida,SF,RB100,11,201,299,241.7,41.7,,
340,Jaelen Strong,HOU,WR109,7,222,359,253.1,41.8,,
341,Phillip Dorsett,IND,WR110,11,203,335,253.7,34.7,321,-20
342,Josh Reynolds,LAR,WR111,8,225,275,253.8,20.3,,
343,Washington Redskins,,DST27,5,208,357,255.1,49.5,259,-84
344,Geronimo Allison,GB,WR112,8,255,256,255.5,0.5,256,-88
345,Chad Williams,ARI,WR113,8,216,316,259.3,31.8,,
346,Seth DeValve,CLE,TE43,9,211,376,259.3,50.7,,
347,Kerwynn Williams,ARI,RB101,8,204,353,259.8,55.9,293,-54
348,Larry Donnell,BAL,TE44,10,206,315,260.5,54.5,,
349,Albert Wilson,KC,WR114,10,208,300,260.5,21.7,,
350,Brock Osweiler,CLE,QB39,9,212,372,260.8,50.9,334,-16
351,Maxx Williams,BAL,TE45,10,217,320,261.7,42.6,,
352,Chicago Bears,,DST28,9,208,348,262,49.2,278,-74
353,Damien Williams,MIA,RB102,11,209,355,262.7,42.3,304,-49
354,Andre Ellington,ARI,RB103,8,208,356,263.6,36.9,300,-54
355,Lance Dunbar,LAR,RB104,8,236,319,265.5,23.3,,
356,Vincent Jackson,FA,WR115,,220,296,265.5,28.2,,
357,Sammie Coates,PIT,WR116,9,219,398,266,46.9,,
358,Dede Westbrook,JAC,WR117,8,229,376,266.6,42.8,,
359,Bruce Ellington,HOU,WR118,7,226,352,267,42.3,,
360,Cameron Artis-Payne,CAR,RB105,11,225,348,267.1,46.9,339,-21
361,Andre Holmes,BUF,WR119,6,212,314,268,30.4,,
362,Robert Griffin,FA,QB40,,212,331,268.3,48.8,,
363,Brian Quick,WAS,WR120,5,218,347,268.8,43.9,,
364,Malcolm Brown,LAR,RB106,8,235,317,270,25.5,,
365,Taywan Taylor,TEN,WR121,8,209,349,270.4,37.7,,
366,Demarcus Robinson,KC,WR122,10,239,292,270.5,21.9,,
367,George Kittle,SF,TE46,11,216,371,273.6,56.2,355,-12
368,New Orleans Saints,,DST29,5,232,374,273.6,54.6,290,-78
369,Matt Moore,MIA,QB41,11,245,303,274,29,,
370,Leonte Carroo,MIA,WR123,11,212,377,274.4,65,,
371,Brandon Coleman,NO,WR124,5,226,341,274.7,44.7,257,-114
372,Dorial Green-Beckham,FA,WR125,,211,366,277,60.3,,
373,Jermaine Kearse,SEA,WR126,6,238,318,277.8,25,307,-66
374,Ryan Griffin,HOU,TE47,7,237,372,280.8,53.5,,
375,Patrick Mahomes,KC,QB42,10,243,318,281.7,30.7,323,-52
376,James Starks,FA,RB107,,245,321,283,38,327,-49
377,Corey Grant,JAC,RB108,8,221,346,283.5,62.5,,
378,Pharoh Cooper,LAR,WR127,8,234,335,284.5,50.5,,
379,Kapri Bibbs,SF,RB109,11,213,357,285,72,,
380,Jordan Leggett,NYJ,TE48,11,214,354,286.2,50.8,,
381,Teddy Bridgewater,MIN,QB43,9,242,360,288,46.4,301,-80
382,Kai Forbath,MIN,K26,9,251,363,291,51,250,-132
383,Adam Shaheen,CHI,TE49,9,227,365,292.3,61.4,,
384,Gary Barnidge,FA,TE50,,239,379,292.3,55,,
385,Benny Cunningham,CHI,RB110,9,274,328,293.2,19.4,,
386,Marcedes Lewis,JAC,TE51,8,255,333,294,39,,
387,Josh Hill,NO,TE52,5,246,367,295,39.9,,
388,Cleveland Browns,,DST30,9,227,399,296.3,63.1,281,-107
389,Victor Cruz,CHI,WR128,9,254,371,298,44.7,295,-94
390,San Francisco 49ers,,DST31,11,235,400,299.3,72.1,265,-125
391,Indianapolis Colts,,DST32,11,234,362,300,52.3,309,-82
392,Aldrick Rosas,NYG,K27,8,213,390,301,72.3,314,-78
393,Rashard Higgins,CLE,WR129,9,252,358,301.8,50,,
394,Colin Kaepernick,FA,QB44,,256,373,303.5,45.9,320,-74
395,Jake Elliott,CIN,K28,6,257,385,305.7,56.6,319,-76
396,Fitzgerald Toussaint,PIT,RB111,9,268,384,307.3,54.2,,
397,Nick Boyle,BAL,TE53,10,236,380,308,72,,
398,Jason Myers,JAC,K29,8,262,354,310.3,37.7,318,-80
399,Cordarrelle Patterson,OAK,WR130,10,258,375,310.5,43.8,353,-46
400,Adam Humphries,TB,WR131,11,240,369,311.6,44.4,345,-55
401,Jake Butt,DEN,TE54,5,228,366,313,57,,
402,Richard Rodgers,GB,TE55,8,261,365,313,52,261,-141
403,Xavier Grimble,PIT,TE56,9,277,382,313.3,48.6,,
404,Zane Gonzalez,CLE,K30,9,266,394,313.7,57.1,283,-121
405,Virgil Green,DEN,TE57,5,283,335,313.7,22.2,348,-57
406,Ryan Switzer,DAL,WR132,6,240,369,314,50.8,296,-110
407,Robbie Gould,SF,K31,11,267,384,317.3,49.1,305,-102
408,Chad Hansen,NYJ,WR133,11,257,361,319.3,44.9,,
409,Kenjon Barner,LAC,RB112,9,266,385,319.7,49.3,317,-92
410,Greg Zuerlein,LAR,K32,8,261,393,321,48.7,344,-66
411,Harrison Butker,CAR,K33,11,258,389,323.5,65.5,,
412,Luke Willson,SEA,TE58,6,309,338,323.5,14.5,315,-97
413,Josh Brown,FA,K34,,236,386,323.7,63.8,,
414,Ronnie Hillman,DAL,RB113,6,264,388,326,62,,
415,Dan Carpenter,FA,K35,,240,387,326.7,62.8,,
416,Shaun Draughn,NYG,RB114,8,260,378,327,42.5,341,-75
417,Michael Campanaro,BAL,WR134,10,280,375,327.5,47.5,,
418,Philly Brown,BUF,WR135,6,326,329,327.5,1.5,,
419,Connor Barth,CHI,K36,9,264,395,329.5,65.5,,
420,Andrew Franks,MIA,K37,11,260,392,330.3,54.2,337,-83
421,Rico Gathers,DAL,TE59,6,288,373,330.5,42.5,,
422,Amara Darboh,SEA,WR136,6,273,386,331.5,47.6,,
423,Trey Burton,PHI,TE60,10,287,383,335,48,,
424,Matt Barkley,SF,QB45,11,298,378,338,40,302,-122
425,Matt Dayes,FA,RB115,,270,382,339.7,49.6,,
426,T.J. Logan,ARI,RB116,8,345,362,353.5,8.5,352,-74