Rank,Player,Team,Position,Tack,Asst,Scks,PassDef,Int,FumFrc,Fum,DefTD,Pts
1,"Alexander, Kwon",TBB,LB,103,39.7,2.8,9.6,0.6,1.4,1.3,0.1,139.2
2,"Collins, Landon",NYG,DB,97,30.4,3.9,12,2.7,0.5,0.5,0.2,134.4
3,"Ogletree, Alec",LAR,LB,94.3,45.6,1.2,8.4,2,0.6,0.6,0.2,131.9
4,"Wagner, Bobby",SEA,LB,83,73.1,2.8,4.3,0.5,0.9,0.9,0.2,129.4
5,"Kuechly, Luke",CAR,LB,85,44.8,1.6,9.8,3.7,1.5,1.2,0.3,128.9
6,"Smith, Telvin",JAC,LB,101.5,21.7,1,8.3,2.6,0.5,0.5,0.2,127.9
7,"Brown, Zach",WAS,LB,94,39.7,3.3,6.4,1.3,0.3,0.3,0,126.7
8,"Collins, Jamie",CLE,LB,91,38.8,3.2,2.6,1,2,0,0,120.1
9,"Freeman, Jerrell",CHI,LB,95.9,27.2,4.2,4.3,0.4,0.9,0,0.1,119.7
10,"Mosley, C.J.",BAL,LB,77,50,2,8.3,2.5,0.6,0.6,0.2,118.5
11,"Jones, Deion",ATL,LB,78.6,34.4,0,13.1,3.2,2.3,0.2,0.2,117.8
12,"Davis, Jarrad",DET,LB,93,33,0.6,5.6,0.4,0.8,0.4,0,117.8
13,"Brown, Jatavis",LAC,LB,92,22.5,4.1,5.6,0.6,2.4,0.9,0,117.5
14,"Burfict, Vontaze",CIN,LB,82.6,34.3,2.2,8.9,2.2,1.1,0,0,116.4
15,"David, Lavonte",TBB,LB,79.8,29.1,6,5.3,1.6,3.4,2.9,0.2,115.1
16,"Bowman, Navorro",SFO,LB,89,28.1,2.5,2.7,1,1.6,0.6,0,112.3
17,"Brown, Preston",BUF,LB,75.7,59.2,0.6,2.5,0.9,0.6,0.6,0.2,111.6
18,"McKinney, Benardrick",HOU,LB,76,51.8,4.7,3.8,0,0.2,0.2,0,110.8
19,"Jackson, Edwin",IND,LB,83.6,38,3.3,2.9,0.6,0.3,0.3,0.2,110.6
20,"Kendricks, Eric",MIN,LB,78.9,38.2,2.1,6.7,0.9,0.9,0.9,0.2,110.5
21,"Cravens, Su'a",WAS,DB,77,26.5,1.3,11,2.1,2.9,0.9,0,110.4
22,"Hicks, Jordan",PHI,LB,72,29.6,1.4,10.3,5.9,0,0,0.2,110.3
23,"Alonso, Kiko",MIA,LB,75,52,0,3.7,1.7,0.9,0.9,0.2,109.9
24,"Jack, Myles",JAC,LB,84,34.7,1.4,5.5,0.4,0,0,0,108.9
25,"Mack, Khalil",OAK,LB,83,18.4,9.5,2.5,0.4,3,0,0,108.1
26,"Barron, Mark",LAR,LB,82,28.6,1.1,6.9,1.3,0.4,0.4,0,107.6
27,"Burnett, Morgan",GBP,DB,74,20.1,2.8,11.4,3.8,0.5,0.5,0,106.7
28,"Johnson, Derrick",KCC,LB,84,24.9,1.5,4.6,1.4,0.6,0.5,0.2,106.4
29,"Williams, Vince",PIT,LB,73,34.7,8.2,1.7,0.8,3.1,0.6,0,105.5
30,"Davis, Thomas",CAR,LB,71,34.1,3.1,4.4,2.7,1.6,1.6,0.1,104.2
31,"Goodson, B.J.",NYG,LB,77,31.3,1.7,3.8,0.8,3,0.4,0,103.2
32,"Cyprien, Johnathan",TEN,DB,77,19.3,0.6,11,1.7,0.6,0.6,0,102.9
33,"Williamson, Avery",TEN,LB,77,38.1,2.9,1,1,0.8,0,0,102.8
34,"Vaccaro, Kenny",NOR,DB,74,26.9,1.8,5.9,1.9,2.2,1.1,0,102.2
35,"Church, Barry",JAC,DB,75,26.6,0.5,8.1,1.9,1.1,0.3,0.2,102.2
36,"Lee, Sean",DAL,LB,78.2,43.7,0.7,1,0,0,0,0,101.8
37,"Miller, Von",DEN,LB,68.7,16.8,12.8,4.6,0.9,4.2,0.7,0.2,101.2
38,"Joseph, Karl",OAK,DB,71.6,17.6,0,12.4,3.5,0.2,0.2,0,100.1
39,"Lee, Darron",NYJ,LB,75,39.4,2.4,3.1,0,0,0,0,100.1
40,"Timmons, Lawrence",MIA,LB,70.8,39.5,1.2,3.9,2.1,0.3,0,0,100.1
41,"Trevathan, Danny",CHI,LB,79.1,22.9,1.5,6,0.6,0.2,0.2,0.2,99.7
42,"Perryman, Denzel",LAC,LB,79.4,22.1,3,2.1,0.6,1.3,0.3,0,98.3
43,"Wright, K.J.",SEA,LB,65,48.1,2.6,3.3,0,1.8,1.1,0,97.8
44,"Bethea, Antoine",ARZ,DB,78,12.9,0.5,5.8,2.5,1,1,0.1,97.7
45,"Bucannon, Deone",ARZ,LB,76,30.2,0.1,4.3,0,1.1,1.1,0,97.6
46,"Smith, Harrison",MIN,DB,77,21.9,2,3.8,1,0.5,0.5,0.2,96.7
47,"Weddle, Eric",BAL,DB,55,39.6,0.6,12.8,3.5,0.9,0.4,0,96.6
48,"Martinez, Blake",GBP,LB,73,23.9,4.1,4.7,0.7,0.6,0.6,0,96.3
49,"Shazier, Ryan",PIT,LB,59.7,30.3,3.1,8,3.6,1.9,0.6,0,95.6
50,"Davis, Sean",PIT,DB,67,22,4.4,8.3,2.2,0.2,0.2,0,95.5
51,"Neal, Keanu",ATL,DB,71.2,25.1,0.3,6.6,0.3,2.8,1.1,0,95.4
52,"Jefferson, Tony",BAL,DB,70,21.3,1.4,8.3,0.8,1.3,0.6,0,93.9
53,"Clinton-Dix, Hasean",GBP,DB,67.5,15.3,1,10,3.4,0.7,0.2,0,93.9
54,"Hyde, Micah",BUF,DB,63,18.8,0.6,13,3.6,0,0,0.2,93.2
55,"Coleman, Kurt",CAR,DB,59,29.2,1,8.2,4.7,0.5,0.2,0.2,92.9
56,"Bradham, Nigel",PHI,LB,66,28.9,2.4,5.5,0.6,2.5,0.6,0,92.7
57,"Toomer, Korey",LAC,LB,69.1,22.8,3,4,0,3.6,1.4,0,92.4
58,"Mathieu, Tyrann",ARZ,DB,73,7.8,1.6,8.4,2,1.2,0.3,0,92.3
59,"Marshall, Brandon",DEN,LB,69,28.5,0.5,5.5,0.5,1.3,0.7,0,92.2
60,"Whitehead, Tahir",DET,LB,72,28.4,0.1,4.3,0.4,0.2,0.2,0,91.7
61,"Jenkins, Malcolm",PHI,DB,62,26.3,0.9,9.4,2.6,0.4,0.4,0.2,91.4
62,"Alford, Robert",ATL,DB,58.4,9.8,0,22.4,2.6,0,0,0.2,90.9
63,"Posluszny, Paul",JAC,LB,73.3,27.8,1.1,2,0.2,0,0,0,90.7
64,"McLeod, Rodney",PHI,DB,69,15.8,0.5,7.6,1.8,1.3,0,0,89.9
65,"Ward, T.J.",DEN,DB,66,17,1.1,8.4,1.3,1.7,1.5,0,89.8
66,"Killebrew, Miles",DET,DB,70,13.5,0.9,6.4,2.5,0.5,0,0,89.8
67,"Robertson, Craig",NOR,LB,62.6,38.9,1.3,3.3,1.1,0.2,0.2,0.2,89.3
68,"Addae, Jahleel",LAC,DB,69,11,0.6,9.9,2.1,0,0,0.2,89.1
69,"Ryan, Logan",TEN,DB,64,15.5,1,11.8,2,0.5,0,0,89
70,"Johnson, Trumaine",LAR,DB,64.2,12.9,0.4,11.4,2.8,0.3,0.3,0.2,88.6
71,"Correa, Kamalei",BAL,LB,55,29.9,8,4.7,0.6,3.8,0.8,0,88.4
72,"Evans, Justin",TBB,DB,61,16.2,0.3,9.7,4.2,0.5,0.2,0.1,88.4
73,"Jones, Byron",DAL,DB,67,17.1,0.2,8.7,1.5,0.6,0,0,88.2
74,"Chancellor, Kam",SEA,DB,58,32.5,0,8.2,2.5,0.6,0,0,88.2
75,"Breeland, Bashaud",WAS,DB,63,13.4,0.6,10.4,2.1,2.3,0.6,0,87.8
76,"Foster, Mason",WAS,LB,65.6,28.8,3.5,2.8,0,1.3,0,0,87.6
77,"Peters, Marcus",KCC,DB,52,10.6,0.4,17.4,3.8,2.4,2.4,0.1,87.5
78,"Minter, Kevin",CIN,LB,63,36.3,2.2,4,0,0,0,0,87.4
79,"Alexander, Lorenzo",BUF,LB,54.4,18.7,10.5,6.9,1.7,2.9,0,0,87.3
80,"Ramsey, Jalen",JAC,DB,63,13.3,0,13,1.6,0.9,0,0.2,86.7
81,"Kirksey, Christian",CLE,LB,65.9,33.4,2.1,1.6,0,0.3,0,0,86.7
82,"Adams, Mike",CAR,DB,66,17.9,0.6,5.9,1.7,0.8,0.8,0,86.4
83,"Maye, Marcus",NYJ,DB,63,22.3,0.2,6.9,2,1.2,0,0,86.4
84,"Parker, Ron",KCC,DB,59,13.5,0,12.8,2.9,1.5,0.5,0.2,86.4
85,"Demps, Quintin",CHI,DB,57,13.7,0,11.8,4.9,0.8,0,0.2,86.3
86,"Bradberry, James",CAR,DB,60,23.7,0,10.6,2,0,0,0,86.3
87,"Campbell, De'Vondre",ATL,LB,62,25.2,1.6,6.5,1,0.9,0.4,0.2,86.1
88,"Hargreaves, Vernon",TBB,DB,66.1,11.5,0,9.8,1.1,1.5,0.7,0,86
89,"Mitchell, Mike",PIT,DB,55.6,30.4,0.8,8.4,1.7,1.3,1.3,0,86
90,"Tandy, Keith",TBB,DB,55.8,18.4,0.7,11.3,3.8,0.6,0.6,0,85.8
91,"Mauti, Michael",NOR,LB,61.5,28.4,2.9,3.9,0.7,1.9,0,0,85.8
92,"Casillas, Jonathan",NYG,LB,60,33.1,0.9,7.4,0.1,0.6,0,0,85.8
93,"Dillon, K.J.",HOU,DB,60,8.7,0,12.6,3.4,1,0.7,0.1,85.6
94,"McCourty, Devin",NEP,DB,63,19.2,0.8,6.6,2,0.6,0.6,0,85.3
95,"Davis, Demario",NYJ,LB,58,37.6,2.7,3,0.4,1,1,0,85.3
96,"Peppers, Jabrill",CLE,DB,53,21.5,0,14.9,3.1,0,0,0,84.8
97,"Nelson, Reggie",OAK,DB,56,13,0,14.5,3.8,0,0,0,84.6
98,"Humber, Ramon",BUF,LB,57.5,36.4,4.2,3.8,0,0.4,0.4,0,84.6
99,"Hightower, Dont'a",NEP,LB,51.7,40.4,4.2,3.7,0.5,3,0.9,0.2,84.6
100,"Swearinger, D.J.",WAS,DB,62,9.9,1.5,11,2.4,0.3,0,0,84.5
101,"Houston, Justin",KCC,LB,59,15.6,8.5,3.5,2.2,1.1,0,0.2,84.3
102,"Adams, Jamal",NYJ,DB,56.6,18,0.2,10.5,2.9,1.2,0.9,0,84.2
103,"Wilson, Ramik",KCC,LB,65.2,24.2,3,2.2,0.8,0,0,0,84.2
104,"Watt, J.J.",HOU,DL,48,25.1,14.6,5.2,0,2.3,1.3,0,83.9
105,"Dansby, Karlos",ARZ,LB,56.9,29.8,5.5,4.8,0,0.9,0.8,0,83.8
106,"Worley, Daryl",CAR,DB,61,29.3,1,5.3,1,0,0,0,83.7
107,"Geathers, Clayton",IND,DB,62,15,0.2,7.1,2,1.8,0.8,0,83.4
108,"Woods, Xavier",DAL,DB,60,13.2,0,11,2.3,0.8,0.3,0,83.3
109,"Gilmore, Stephon",NEP,DB,54.4,10.6,0,11.9,4.2,2.1,1.2,0,83.3
110,"Davis, Todd",DEN,LB,62,29.2,2.4,2,0,1.1,1.1,0,83.2
111,"Reid, Eric",SFO,DB,65.9,13.4,0.9,5,1.3,1.4,0.8,0,83.2
112,"Wilcox, J.J.",TBB,DB,58.7,9.1,0.4,12.4,2.5,1.7,0,0.2,82.8
113,"Norman, Josh",WAS,DB,57.4,14.2,0.3,12.9,1.3,1.8,0.4,0,82.5
114,"Maxwell, Byron",MIA,DB,53,14.2,0,12.6,3.2,3.5,0,0,82.5
115,"Jones, Chandler",ARZ,LB,51,14.8,12.9,3.6,0,4.9,1.4,0,81.1
116,"Amos, Adrian",CHI,DB,68,10.4,0,5.6,0.3,0.6,0.6,0,80.6
117,"Sendejo, Andrew",MIN,DB,57,23.6,0.7,6,2.3,0.2,0.2,0,80.4
118,"Jones, Reshad",MIA,DB,55.5,18.8,0.9,7,3.3,0.5,0.4,0.2,80.3
119,"Compton, Will",WAS,LB,53.6,39.3,0.2,3.4,1,0.7,0.7,0,80.1
120,"James, Cory",OAK,LB,63.4,18.3,3.2,1.1,0,2.1,0,0,78.9
121,"Burns, Artie",PIT,DB,54.5,16.9,0.2,11,2.1,0.2,0.2,0,78.9
122,"Rhodes, Xavier",MIN,DB,56.4,6.8,0,11.9,3.2,0.5,0.2,0.2,78.7
123,"Ward, Jimmie",SFO,DB,55,10.6,0.8,12.8,1.8,0.5,0.5,0.1,78.5
124,"Green, T.J.",IND,DB,60.1,16.1,0.1,5.9,1.4,0.9,0.3,0,78.3
125,"Sorensen, Daniel",KCC,DB,54.8,9.2,0.5,9.2,2.4,2.1,1.5,0.2,77.5
126,"Trufant, Desmond",ATL,DB,54.7,11.2,1.7,9.3,1.8,1.3,1.1,0.2,77.5
127,"Butler, Malcolm",NEP,DB,51.5,14.5,0.9,10.7,2.4,0.9,0.9,0,77
128,"Lippett, Tony",MIA,DB,48.3,23.4,0.2,10.6,3,0,0,0,76.8
129,"Stewart, Darian",DEN,DB,53.4,13.4,0.4,9.3,1.8,2.3,0.8,0,76.5
130,"Darby, Ronald",PHI,DB,59.1,10,0.3,11.4,0.3,0,0,0,76.4
131,"Hitchens, Anthony",DAL,LB,51.5,42.6,1.1,1.4,0,0.6,0,0,75.9
132,"Chung, Patrick",NEP,DB,48.2,38.8,0.6,5.9,0.5,0.7,0,0,75.8
133,"Barr, Anthony",MIN,LB,50,35.4,2.3,3.5,0,1.2,0.7,0,75.3
134,"Anthony, Stephone",NOR,LB,54.4,27.3,1.5,2.9,0.4,1.6,0.2,0.2,75
135,"Apple, Eli",NYG,DB,53.4,9.3,0.3,10.8,1.9,1.4,0.6,0,74.8
136,"Boston, Tre",LAC,DB,50,16,1.6,10.7,2.2,0,0,0,74.8
137,"Dupree, Alvin",PIT,LB,52.3,19.4,7.2,3.6,0.3,1.3,0,0,74.5
138,"Iloka, George",CIN,DB,49.7,22.7,0.2,7.5,2.6,0.2,0,0,74.1
139,"Thompson, Shaq",CAR,LB,53,25.4,0,5.9,1.1,0,0,0.2,73.8
140,"Cockrell, Ross",PIT,DB,50.8,17.9,0,12.5,0.7,0,0,0,73.7
141,"Hal, Dre",HOU,DB,42.7,23.1,0.7,9.7,4.5,0,0,0,73.7
142,"Robinson, Rashard",SFO,DB,54,7,0.1,12.1,1.8,0.3,0.1,0,73.7
143,"Amerson, David",OAK,DB,51.3,5.9,0,14.7,2.2,0,0,0.2,73.5
144,"Berry, Eric",KCC,DB,50,11.5,0.3,8.1,4.2,0.7,0,0.3,73.3
145,"Jenkins, Janoris",NYG,DB,45.2,6.6,1.1,16.2,3.2,1,0,0,73.1
146,"Bosa, Joey",LAC,DL,50,14.8,12.8,2.3,0.3,0,0,0,73.1
147,"Quin, Glover",DET,DB,55.4,15.2,0.2,6.4,1.1,1.1,0,0,73
148,"Hunter, Danielle",MIN,DL,43,23.8,15.3,0.7,0,0.9,0.9,0.2,72.7
149,"Foster, Reuben",SFO,LB,55.8,18.5,2.6,2.9,0.3,1.4,0,0,72.6
150,"Thomas, J.T.",NYG,LB,52.3,25.5,0.4,5.3,0,1.2,0.6,0,72.5
151,"Williams, Brandon",ARZ,DB,56.8,7.2,0,10.5,0.4,0.4,0.4,0.2,72.5
152,"Slay, Darius",DET,DB,54.2,5.1,0.6,12,1.2,0.6,0,0,72.2
153,"Verrett, Jason",LAC,DB,51.8,7.3,0,9.6,3.5,0,0,0.2,72.2
154,"Rey, Vincent",CIN,LB,47.5,29.3,0.7,7.5,0.9,0,0,0,72.2
155,"Harris, Chris",DEN,DB,53.9,8.2,0.4,9.1,1.6,1.1,0.3,0.2,72.1
156,"Lowery, Dwight",LAC,DB,52.3,11.4,0,8.3,1.9,0.9,0.8,0.2,72
157,"Allen, Ricardo",ATL,DB,48,23.7,0,4.7,3.4,0.2,0.2,0,71.7
158,"Dunlap, Carlos",CIN,DL,36,22.2,11,10.5,0,2.6,0.5,0,71.7
159,"Hodges, Gerald",BUF,LB,48.9,24.4,3.9,2.8,1.2,1,0.6,0,71.7
160,"Vernon, Olivier",NYG,DL,49,19.6,10.4,0.8,0,0.7,0.7,0,71.5
161,"Branch, Tyvon",ARZ,DB,53.9,7.8,1,8.5,2.1,0,0,0.1,71.4
162,"Jackson, Kareem",HOU,DB,51.4,15,0,7.8,2.2,0,0,0.2,71.1
163,"Reynolds, Ed",CLE,DB,51.3,23.5,1.6,4.8,0.8,0,0,0,71
164,"McDougald, Bradley",SEA,DB,55.9,17,0,5.4,0.6,0,0,0,70.9
165,"Bell, Vonn",NOR,DB,49.6,24,1.1,5.2,0.3,1.1,0.8,0,70.5
166,"Scandrick, Orlando",DAL,DB,48.6,10.5,3.6,9.4,1,1.5,0,0,70.3
167,"Jones-Quartey, Harold",CHI,DB,58.4,9.1,0,3.4,1.5,0.8,0,0,70.1
168,"Heath, Jeff",DAL,DB,53,14.6,0.3,5.6,1.7,0.5,0,0,70.1
169,"Melifonwu, Obi",OAK,DB,49.7,10.7,0,11.1,1.5,0.3,0.3,0,69.7
170,"Poyer, Jordan",BUF,DB,51.1,16.2,0,7.7,0.8,0,0,0.2,68.5
171,"Donald, Aaron",LAR,DL,41.7,19.2,10.3,4.2,0,1.5,0.6,0,68
172,"Randall, Damarious",GBP,DB,46.1,8.8,0.4,9.8,3.2,0,0,0.2,67.1
173,"Matthews, Clay",GBP,LB,44.1,15,6.4,4.3,0,3.1,1.6,0,67
174,"Pierre-Paul, Jason",NYG,DL,39.6,19,5.6,8,0,2,2,0.2,66.8
175,"Davis, Vontae",IND,DB,44.6,8.3,0,13.1,2.2,0.3,0.1,0,66.6
176,"Haden, Joe",CLE,DB,47.6,14.4,0.2,8.9,1.3,0,0,0,66.5
177,"Wilkerson, Muhammad",NYJ,DL,37,31.2,8,4.4,0,1.5,0,0,66.5
178,"Flowers, Trey",NEP,DL,35.4,34,9.2,3.2,0,0.6,0.6,0,65.9
179,"Harrison, James",PIT,LB,48.3,13,6,1.8,1,0.8,0,0,65.3
180,"Emanuel, Kyle",LAC,LB,48.5,23.2,1.4,1.6,0,0.9,0.9,0,64.9
181,"Griffen, Everson",MIN,DL,40,14.1,10.6,2.9,0,1.7,1.7,0.2,63.9
182,"Cushing, Brian",HOU,LB,44,28.9,4.1,0.9,0.1,0,0,0,63.7
183,"Ryan, Jake",GBP,LB,48.4,20,1.9,2.7,0.2,0,0,0,63.4
184,"Alexander, Maurice",LAR,DB,48.5,11.8,0.4,4.8,1.6,0.4,0,0,63.2
185,"Gay, William",PIT,DB,44.8,15,1.3,7,0.9,0.6,0,0,63.1
186,"Floyd, Leonard",CHI,LB,42.1,19.7,6,3.5,0,0.7,0.7,0,62.8
187,"Hayward, Casey",LAC,DB,38,5.6,0,12.1,4.9,0,0,0.2,62.6
188,"Breaux, Delvin",NOR,DB,48.1,11.8,0,6.2,1,0.2,0,0,62.5
189,"Peterson, Patrick",ARZ,DB,46.7,6.4,0.3,6.5,2.7,0,0,0,62.1
190,"Williams, Leonard",NYJ,DL,38,37.2,3.9,0.5,0,1.1,0,0,62.1
191,"Carroll, Nolan",DAL,DB,44.7,12.2,0,7.2,1.2,1.6,0,0,62
192,"Orakpo, Brian",TEN,LB,41.5,8.9,8.6,6.1,0,1.3,0,0,62
193,"Joseph, Johnathan",HOU,DB,47.1,8.4,0,8.8,0.8,0,0,0.2,61.8
194,"Bouye, A.J.",JAC,DB,44.2,11.4,0.5,10.2,0.5,0,0,0,61.6
195,"Skrine, Buster",NYJ,DB,44,10.7,0.7,7.5,1.8,0.3,0,0,61.5
196,"Woodyard , Wesley",TEN,LB,43.5,20.5,2.8,3.3,0.7,0,0,0.2,61.4
197,"Carder, Tank",CLE,LB,39.9,25.2,4.2,3.9,0.4,0,0,0,61.4
198,"Tartt, Jaquiski",SFO,DB,46.7,14,1.2,4.8,0.6,0.4,0,0.2,61.3
199,"McCain, Brice",TEN,DB,41.2,9.7,0,12.1,1.6,0,0,0,61.2
200,"Jordan, Cameron",NOR,DL,37.6,16.2,8.4,6,0,0.6,0.6,0,61.2
201,"Thomas, Earl",SEA,DB,34.4,28.2,0,8.6,1.6,0.4,0.4,0.2,61.1
202,"Thomas, Joe",GBP,LB,47.1,15.2,0,6.4,0,0,0,0,61
203,"Wilson, Tavon",DET,DB,50.6,12.3,1.3,1.1,0.9,0,0,0.2,60.9
204,"Taylor, Jamar",CLE,DB,43.8,8.7,0,9.2,1.7,0,0,0,60.7
205,"Thompson, Darian",NYG,DB,43.5,10.4,0,9.1,1,0.4,0.4,0.2,60.7
206,"Hughes, Jerry",BUF,DL,43,16.2,6.5,1.7,0,0.7,0.7,0,60.6
207,"Talib, Aqib",DEN,DB,39.6,6.4,0,13.8,1.8,0.2,0,0.2,60.3
208,"Graham, Brandon",PHI,DL,42,20.6,5.1,1.5,0,0.8,0.2,0,59.9
209,"Cox, Fletcher",PHI,DL,36,22.2,7.9,3,0,1,1,0,59.9
210,"Brooks, Ahmad",SFO,LB,41.7,11.2,7.9,3,0,0.8,0.8,0,59.8
211,"Kirkpatrick, Dre",CIN,DB,39.3,10,0.2,7.9,3.7,0,0,0,59.7
212,"Mills, Jalen",PHI,DB,46,10.6,0,7.6,0.3,0,0,0,59.4
213,"Mercilus, Whitney",HOU,LB,38.8,24.3,6.5,1.8,0,0,0,0,59.2
214,"Ingram, Melvin",LAC,DL,58,1.7,0.3,0,0,0,0,0,59.1
215,"Atkins, Geno",CIN,DL,37,15.4,14.1,0,0,0,0,0,58.8
216,"Perry, Nick",GBP,LB,34,19.4,9.9,3.3,0.6,0.6,0,0,58.8
217,"Suh, Ndamukong",MIA,DL,37,22,5.8,3.6,0.2,0.4,0.4,0,58.7
218,"Wake, Cameron",MIA,DL,32,11.5,9.8,4.3,1.1,4.3,0.2,0,58.6
219,"Joyner, Lamarcus",LAR,DB,43.4,14.3,0.5,5.3,0.8,0.5,0,0,58.5
220,"Buckner, DeForest",SFO,DL,41,21.8,4.6,1.8,0,0,0,0,58.2
221,"Heyward, Cameron",PIT,DL,37,17.7,7.7,3.1,0,0.6,0.6,0,58
222,"Clark, Frank",SEA,DL,31,23.7,11.1,0.3,0,3.3,0.2,0,57.8
223,"Colvin, Aaron",JAC,DB,46.4,12.4,0.3,4.7,0,0,0,0,57.7
224,"Lee, Marquel",OAK,LB,42.4,19,2.9,0.9,0,0.9,0.9,0,57.4
225,"Roby, Bradley",DEN,DB,36.2,9.1,0.2,11.5,1.9,1.3,0,0.2,57.4
226,"Campbell, Calais",JAC,DL,33.4,13.4,8.1,4.6,0.3,2,2,0.2,57.3
227,"Lawrence, Demarcus",DAL,DL,37,19.3,8.6,0.3,0,1.5,0,0,57.1
228,"Cooper, Marcus",CHI,DB,44,4.3,0,6.7,2.1,0,0,0,57.1
229,"Avril, Cliff",SEA,DL,31,14.7,11.7,2.1,0,4.2,0.7,0,57.1
230,"Kennard, Devon",NYG,LB,43.4,21.9,0.6,0.8,0,0.6,0.6,0,57
231,"Byard, Kevin",TEN,DB,44,12.1,0.6,4.7,0.5,0.3,0.3,0,56.9
232,"Sherman, Richard",SEA,DB,33.6,17.4,0,10.8,1.8,0,0,0,56.8
233,"Lattimore, Marshon",NOR,DB,41.2,8.2,0.9,8.5,0.7,0.3,0.3,0,56.8
234,"Newman, Terence",MIN,DB,41.5,7.7,0,8.7,1.2,0,0,0,56.5
235,"Ogbah, Emmanuel",CLE,DL,41,23.5,3.1,0.5,0,0,0,0,56.4
236,"Williams, P.J.",NOR,DB,39.9,18.7,0,4.8,0.4,1.2,0.4,0,56.4
237,"Hicks, Akiem",CHI,DL,35,18.1,7,2.7,0,1.2,1.1,0,56
238,"LeBlanc, Cre'von",CHI,DB,45.4,4.4,0,6.1,1.1,0,0,0.2,55.9
239,"Clowney, Jadeveon",HOU,LB,35,15.4,5.6,4.6,1,1,0,0,55.9
240,"Rollins, Quinten",GBP,DB,48,1.5,0,6.5,0.2,0,0,0,55.6
241,"McCoy, Gerald",TBB,DL,35,12.1,9.5,3,0,1,0.8,0,55.4
242,"Young, Tavon",BAL,DB,38.7,10.2,0,7.7,1.9,0,0,0,55.4
243,"Ray, Shane",DEN,LB,35.9,11.9,8.7,1,0,1.7,1.6,0.2,55
244,"Allen, Jonathan",WAS,DL,35,15.9,7.1,1.9,0,2,0.7,0,54.8
245,"Tuitt, Stephon",PIT,DL,36,17.6,3.8,3.6,0.6,0.6,0.6,0,54.5
246,"Hall, DeAngelo",WAS,DB,40.9,13.5,0,2.3,1.4,0.8,0.8,0.2,54.4
247,"Casey, Jurrell",TEN,DL,34.6,17.8,6.2,4.6,0,0,0,0,54.4
248,"Melvin, Rashaan",IND,DB,43,10.2,0,5,0,0.9,0.2,0,54.3
249,"Edwards, Mario",OAK,DL,39.6,9.9,4.8,1.4,0,2.4,1,0,54.2
250,"Ansah, Ezekiel",DET,DL,34.2,15.8,9.2,0.5,0,1.4,0.9,0,54
251,"Rodgers-Cromartie, Dominique",NYG,DB,30.1,6.1,1.1,12,3.3,0.8,0,0,53.6
252,"Blackmon, Will",WAS,DB,36.2,13.3,0.7,3.9,2.4,0.8,0.6,0,53.6
253,"Irvin, Bruce",OAK,LB,38.5,9.1,4.7,1.2,0,4.5,0,0,53.5
254,"Jones, Chris",KCC,DL,35.2,9.6,3.4,7.9,0,1.9,0.3,0,53.4
255,"Gaines, E.J.",BUF,DB,41.1,10.2,0,5.3,0,1,1,0.2,53.4
256,"Richardson, Sheldon",NYJ,DL,33,25.5,2.7,2.3,0,1.4,1.2,0,53.4
257,"Charlton, Taco",DAL,DL,33,10.4,9.9,2,0.3,2.1,0.7,0,53.4
258,"Amukamara, Prince",CHI,DB,43.1,5.6,0.6,6.5,0,0.4,0,0,53.4
259,"McMillan, Raekwon",MIA,LB,42.1,17.8,1,1.3,0,0,0,0,53.4
260,"Joseph, Linval",MIN,DL,35,26,2.7,0.4,0,2.1,0,0,53.1
261,"Grimes, Brent",TBB,DB,31.7,3.7,0,13.5,2.5,1,0,0.2,53.1
262,"White, Tre'Davious",BUF,DB,35.8,15.6,0,6.7,0.9,0.5,0,0,52.7
263,"Thomas, Solomon",SFO,DL,36.6,19.7,3.9,0.9,0,0.9,0,0,52.2
264,"Bennett, Michael",SEA,DL,32,16.1,9.5,1.7,0,0.9,0,0,52.2
265,"Campbell, Ibraheim",CLE,DB,39.1,17.4,0.6,2.4,0.6,0,0,0.2,52
266,"Jackson, Malik",JAC,DL,36,7.4,6.5,4.9,0,0.3,0.3,0,51.8
267,"Boddy-Calhoun, Briean",CLE,DB,36.3,7,0.9,7.8,1.6,0,0,0.2,51.7
268,"Addison, Mario",CAR,DL,30,6.6,12.7,1.6,0,3,1.1,0,51.7
269,"Suggs, Terrell",BAL,LB,32,11.2,7.6,3.5,0,2.6,0.2,0,51.5
270,"Wright, Shareece",BUF,DB,37.9,7.9,0.3,7.5,0.9,0,0,0,51.5
271,"Johnson, Dontae",SFO,DB,37.5,7.8,0,8.3,0.9,0,0,0.1,51.3
272,"Ealy, Kony",NEP,DL,27,24.5,5.9,2.4,0.8,1.5,0.4,0,50.9
273,"Dennard, Darqueze",CIN,DB,41.1,12.4,0.2,2.9,0.2,0,0,0,50.9
274,"Branch, Andre",MIA,DL,31,21.4,4.7,2.5,0,1.9,0,0,50.8
275,"Lawson, Shaq",BUF,DL,40,18.4,1.1,0.5,0,0,0,0,50.7
276,"Claiborne, Morris",NYJ,DB,39.6,5.1,0.9,6.2,0.6,0,0,0,50.5
277,"Van Noy, Kyle",NEP,LB,30.9,24.1,0.4,3.2,0.6,2.7,0,0,50.4
278,"Wolfe, Derek",DEN,DL,35.9,11.1,4.9,3.3,0,0.3,0.3,0,50.3
279,"Barwin, Connor",LAR,LB,33,17.7,5.8,2.5,0,0,0,0,50.2
280,"Harrison, Damon",NYG,DL,37,19.8,2,0.6,0,0.7,0,0,50.2
281,"Garrett, Myles",CLE,DL,35,21.3,3.4,0.7,0,0.4,0,0,50.2
282,"Jenkins, Jordan",NYJ,LB,29.9,27.4,3,2.5,0,0.5,0.4,0,50.1
283,"Smith, Jimmy",BAL,DB,37.8,7.8,0,7.2,0.4,0,0,0,49.8
284,"Pryor, Calvin",CLE,DB,38.1,13.3,0.3,3.6,0,1,0,0,49.8
285,"Carr, Brandon",BAL,DB,36.8,11.1,0.4,6,0.5,0,0,0,49.6
286,"Barnett, Derek",PHI,DL,33,21,3.8,2.1,0,0,0,0,49.5
287,"Allen, Nate",MIA,DB,32.3,19.1,0.6,4.6,1,0.3,0,0,49.4
288,"Peppers, Julius",CAR,DL,23,17.1,10.8,3.7,0,2.2,1,0,49.3
289,"Brockers, Michael",LAR,DL,32.8,11.2,4.5,5.2,0,0.7,0.4,0,49.2
290,"Golden, Markus",ARZ,LB,30.4,8.5,9,1,0,3.6,0.9,0,49.1
291,"Shead, Deshawn",SEA,DB,28.4,15.6,0,9.9,0.8,0.9,0.3,0,48.9
292,"Flowers, Marquis",CIN,LB,30.2,16.6,0.2,7.4,1.3,0,0,0,48.8
293,"Brown, Anthony",DAL,DB,33.9,14,0.7,5.3,0.7,0.2,0,0,48.5
294,"Hankins, Jonathan",IND,DL,31,23.2,3.6,0.5,0,0.9,0.9,0,48.5
295,"Waynes, Trae",MIN,DB,27.6,7.7,0.2,11.2,2.9,0,0,0,48.5
296,"Fowler, Dante",JAC,DL,31.6,9.5,4.3,7.2,0,0.6,0,0,48.4
297,"Johnson, Charles",CAR,DL,22,17.3,7.7,3.5,0.4,4.9,0.6,0,48.2
298,"Gholston, William",TBB,DL,36,12.9,3.5,0.4,0,1.1,0.4,0,47.9
299,"Sheard, Jabaal",IND,LB,30.5,14.3,6.8,2.9,0,0.2,0.2,0,47.8
300,"Beasley, Vic",ATL,LB,25.2,10.3,10.1,3,0,3.5,0.9,0.2,47.8
301,"Williams, Marcus",NYJ,DB,29.2,5.8,1.6,7.1,2.5,1.2,0.5,0,47.6
302,"Johnson, Michael",CIN,DL,32.2,14.4,4.2,2.8,0,1,0,0,47.3
303,"Fuller, Kyle",CHI,DB,35.9,5.6,0,5.2,1.4,0.4,0.3,0,47.3
304,"Reed, Brooks",ATL,DL,32,10.3,5.2,2.2,0,1.7,1.1,0,47.3
305,"Williams, K'Waun",SFO,DB,37.4,6,0,4.5,0.4,0.6,0.3,0.1,46.6
306,"Gilchrist, Marcus",HOU,DB,34.3,15.2,0,2.7,0.5,0.9,0,0,46.6
307,"Daniels, Mike",GBP,DL,33,14.4,3.7,1.5,0.5,0,0,0,46.4
308,"Short, Kawann",CAR,DL,27,15.7,6.7,2.3,0,2,0.4,0,46.3
309,"Wise, Deatrich",NEP,DL,26.5,17,5,2.4,0.3,1.7,1.2,0,46
310,"Stupar, Nathan",NOR,LB,33,9.3,1,1.2,1,2,2,0,45.9
311,"McPhee, Pernell",CHI,LB,32.9,6.1,6.7,2.5,0,0.8,0,0,45.9
312,"Ward, Jihad",OAK,DL,34.1,12.3,1.9,3.6,0,0,0,0,45.7
313,"Lane, Jeremy",SEA,DB,32.7,10.9,0,6.2,0.7,0,0,0,45.7
314,"Liuget, Corey",LAC,DL,34,13.1,1.1,3.1,0.5,0,0,0,45.7
315,"Smith, Preston",WAS,LB,28.8,12.2,6.3,3.6,0.1,0.3,0,0,45.4
316,"Bush, Rafael",NOR,DB,33.5,12.6,0.4,4.2,0.5,0,0,0,45.4
317,"Williams, Kyle",BUF,DL,32,18.7,4,0,0,0,0,0,45.3
318,"McCourty, Jason ",CLE,DB,35.5,4.1,0.3,5.1,1.2,0,0,0,45.3
319,"Gipson, Tashaun",JAC,DB,34.8,9.9,0,4,0.7,0,0,0.2,45.2
320,"Butler, Darius",IND,DB,29.3,10.3,0,6.4,1.9,0.2,0.1,0,44.9
321,"McClain, Terrell",WAS,DL,27,25.9,1.7,1.3,0,1.9,0,0,44.8
322,"Latham, Darius",OAK,DL,32.2,11.8,2.6,3.4,0,0.7,0,0,44.8
323,"Davis, Cody",LAR,DB,28.2,14.4,0.4,6,1,0.4,0.4,0,44.5
324,"Rankins, Sheldon",NOR,DL,27,15.7,6.1,0.8,0.3,1.6,0.3,0,44.2
325,"Branch, Alan",NEP,DL,24.1,30,1.8,2.1,0,0.5,0.5,0,44.1
326,"Kendricks, Mychal",PHI,LB,33.6,13.1,0.2,3.3,0.2,0,0,0,44.1
327,"Kazee, Damontae",ATL,DB,29.1,12.2,0.5,7.4,0.4,0,0,0,44
328,"Quinn, Robert",LAR,LB,40,4,0,1.8,0,0,0,0,43.8
329,"Smith, Sean",OAK,DB,28.7,8.4,0,8.2,1.2,0,0,0,43.6
330,"Morgan, Derrick",TEN,LB,26.2,12.4,8.2,2.4,0,0.2,0.2,0.2,43.3
331,"Heeney, Ben",OAK,LB,33.1,12.5,2.3,0.2,0,1,0.4,0,43.3
332,"Searcy, Da'Norris",TEN,DB,31.9,7.3,0,4.6,1.5,0,0,0,43.1
333,"Ayers, Robert",TBB,DL,26,11.5,8.2,1.7,0,1.1,0.2,0,43.1
334,"Spence, Sean",IND,LB,30.7,12.2,2.7,3.2,0,0.4,0,0,43
335,"Ford, Dee",KCC,LB,26.9,13.1,6.3,2.5,0,0.8,0,0,43
336,"Thomas, Michael",MIA,DB,29.5,14.6,0.9,2.5,0.9,1.1,0,0,43
337,"Gaines, Phillip",KCC,DB,33,2.7,0,6,0.6,0.8,0.5,0,42.9
338,"Callahan, Bryce",CHI,DB,35.2,2.1,0.8,5.8,0,0,0,0,42.8
339,"Kerrigan, Ryan",WAS,LB,24.2,15.4,7.9,1.8,0,1.2,0,0,42.8
340,"Williams, Marcus",NOR,DB,32,10.4,0,5.4,0,0,0,0,42.6
341,"Kindred, Derrick",CLE,DB,30.2,14.8,0.2,4.2,0.2,0,0,0,42.5
342,"Nkemdiche, Robert",ARZ,DL,27,9.9,5.6,2.5,0.4,0.8,0.8,0.1,42.4
343,"Robey, Nickell",LAR,DB,31.4,8.1,0.1,4.4,0.5,0.5,0.5,0.1,42.1
344,"Kwiatkoski, Nick",CHI,LB,30.2,10.8,3.5,1.2,0,1.3,0.3,0,42
345,"Crawley, Ken",NOR,DB,33,3.8,0,5.5,0,0.6,0.6,0,41.6
346,"Parry, David",IND,DL,31.9,14.5,2.4,0,0,0,0,0,41.6
347,"Urban, Brent",BAL,DL,27,16.9,3.3,1.8,0.5,0.2,0,0,41.6
348,"Rubin, Ahtyba",SEA,DL,25.2,19.2,3.8,1.7,0,1,0.3,0,41.6
349,"Munnerlyn, Captain",CAR,DB,32.1,11.5,0,3.1,0,0.4,0,0,41.4
350,"Armstrong, Ray-Ray",SFO,LB,28.4,11,3,1.6,0.8,0.6,0.6,0,41.3
351,"Bellore, Nick",DET,LB,30.4,10.9,1,2.2,0.5,0.6,0,0,40.6
352,"Williams, Brandon",BAL,DL,30,15.1,0.7,1.4,0,0.5,0.3,0,40.5
353,"Roberts, Elandon",NEP,LB,30.1,18.1,0.3,0,0,0.8,0,0,40.2
354,"Smith, Jacquies",TBB,DL,26.7,9.9,4.2,0.9,0,1.7,1.7,0,40.1
355,"Perry, Joshua",LAC,LB,27.6,16.4,1.8,1.3,0,1,0,0,39.9
356,"Simon, John",IND,LB,22.9,16.8,3.6,1.6,0.7,2,0,0,39.9
357,"McLellan, Albert",BAL,LB,25.6,22,2.1,0,0,0.6,0.3,0,39.5
358,"Morrison, Antonio",IND,LB,28.6,18,1.2,0.4,0,0,0,0,39.2
359,"Witherspoon, Ahkello",SFO,DB,31.2,3.6,0,4.3,0.4,1,0,0,39.2
360,"Westbrooks, Ethan",LAR,DL,30.8,8,3.5,0.7,0,0,0,0.2,39
361,"Ngakoue, Yannick",JAC,DL,22.3,5.4,7.5,2.1,0.2,3.9,0,0,38.9
362,"Mager, Craig",LAC,DB,25.4,9,0,5.8,1.5,0,0,0,38.6
363,"Alexander, Dominique",CLE,LB,23.4,17.5,3,2.1,0,0.9,0.4,0,38.6
364,"Brown, Malcolm",NEP,DL,22.7,23.3,2.7,0.6,0,0.9,0,0,38.5
365,"Conte, Chris",TBB,DB,31,6.2,0,2.8,0.7,0,0,0.1,38.3
366,"Okwara, Romeo",NYG,DL,22.9,18.3,4.1,1.5,0,0.3,0.3,0,38.3
367,"Moore, Sio",HOU,LB,29,14.1,0,0.1,0,1.7,0.3,0,38.1
368,"Langford, Kendall",IND,DL,26.3,11.7,3.6,2.3,0,0,0,0,38.1
369,"Humphrey, Marlon",BAL,DB,27.3,7.6,0.5,4.7,0.8,0,0,0,37.9
370,"Bryant, Armonty",DET,DL,25,7.6,6.1,1,0,0.7,0.5,0,37.2
371,"Houston, Lamarr",CHI,LB,26.5,9.8,5.5,0.3,0,0,0,0,37.2
372,"Robison, Brian",MIN,DL,20.3,10.2,7.6,1.2,0,2.5,0.5,0,37.1
373,"Hayes, William",MIA,DL,25.5,14.4,4.2,0,0,0,0,0,36.9
374,"Williams, Tramon",ARZ,DB,26.9,6.2,0.4,4.9,0.7,0,0,0,36.8
375,"Crick, Jared",DEN,DL,23,15,1,4.7,0,0.6,0,0,36.8
376,"Jarrett, Grady",ATL,DL,18.3,26.8,4.8,0,0,0,0,0,36.6
377,"Hewitt, Neville",MIA,LB,27.1,17.2,0.9,0,0,0,0,0,36.5
378,"Young, Willie",CHI,LB,21.9,12.5,5.8,1.4,0,0.8,0.2,0,36.4
379,"Jones, Colin",CAR,DB,25.3,16,0.4,2.1,0,0.4,0,0,36.3
380,"Meder, Jamie",CLE,DL,24.9,19.9,1,0.2,0,0,0,0,36.1
381,"Blanton, Robert",DAL,DB,30,10,0,1.1,0,0,0,0,36.1
382,"Goldman, Eddie",CHI,DL,24.7,12.5,5.1,0,0,0,0,0,36
383,"Bostic, Jon",IND,LB,24.5,12,4.2,0,0,1.1,0.1,0.2,36
384,"Irving, David",DAL,DL,19.2,13.9,3.8,3.4,0,2.3,0.2,0,35.9
385,"Wilhoite, Michael",SEA,LB,27.5,8.5,0.7,1.1,0,1.4,0.8,0,35.8
386,"Shelton, Danny",CLE,DL,24.2,20.4,1.2,0,0,0,0,0,35.7
387,"Harris, Charles",MIA,DL,29.1,7.9,1.9,0.4,0,0,0,0,35.3
388,"Zettel, Anthony",DET,DL,24.3,12.4,4.2,0.3,0,0,0,0,35
389,"Dareus, Marcell",BUF,DL,25.3,13.7,2.1,0.7,0,0,0,0,34.9
390,"Poe, Dontari",ATL,DL,22.4,10.7,3.4,2.1,0,1.2,0,0,34.4
391,"Wilson, Damien",DAL,LB,25.3,10.2,0.5,2.8,0,0,0,0,33.7
392,"Hayden, D.J.",DET,DB,27.5,5.1,0,3.2,0,0.4,0,0,33.6
393,"Gunter, Rodney",ARZ,DL,25.7,9.6,1.3,0.3,0,1.5,0,0,33.6
394,"Moreau, Fabian",WAS,DB,24.7,8.7,0,1.7,1.4,0,0,0,33.4
395,"Worrilow, Paul",DET,LB,24,13.3,0.8,1.7,0,0,0,0,33.1
396,"Hali, Tamba",KCC,LB,23.6,12,2.3,1.1,0,0,0,0,33.1
397,"McDonald, Clinton",TBB,DL,23,11.8,3.6,0,0,0.6,0,0,33.1
398,"Longacre, Matt",LAR,DL,25.7,10.3,1.3,0.4,0,0.4,0,0,33
399,"Robinson, A'Shawn",DET,DL,21.6,10,1.4,4.5,0,0,0,0,32.6
400,"Robinson, Patrick",PHI,DB,18.9,11.8,0,3.7,0.9,1.3,0,0,31.6
401,"Durant, Justin",DAL,LB,21,14.1,0.9,2.5,0,0,0,0,31.5
402,"Seymour, Kevon",BUF,DB,22.7,7.5,0,4.8,0,0,0,0,31.2
403,"McClellin, Shea",NEP,LB,17.4,22.1,1.3,0.7,0,0.3,0.3,0,31
404,"Nassib, Carl",CLE,DL,19,12.3,2.4,3.5,0,0,0,0,31
405,"Bynes, Josh",ARZ,LB,21.7,11.1,0.5,2.6,0,0.4,0,0,30.8
406,"Jones, Christian",CHI,LB,23.3,7.3,0.7,2.6,0,0.6,0,0,30.8
407,"Clark, Kenny",GBP,DL,20.9,11.7,0.7,3.3,0,0,0,0,30.7
408,"Attaochu, Jeremiah",LAC,DL,23.3,4,4,0.6,0,0.6,0,0,30.5
409,"Nunez-Roches, Rakeem",KCC,DL,17.7,17.9,1.1,2,0,0.3,0.3,0,30.5
410,"House, Davon",GBP,DB,22.8,3.8,0,5.6,0,0,0,0,30.4
411,"Ngata, Haloti",DET,DL,17.3,14.7,1.8,3.4,0,0,0,0,29.9
412,"Baker, Chris",TBB,DL,20.2,10.9,2.6,1.1,0,0.4,0,0,29.7
413,"Long, Chris",PHI,DL,17.8,11.5,2.8,1.9,0,0.9,0.4,0,29.6
414,"Jackson, William",CIN,DB,17,8.1,0,5.7,1.5,0,0,0,29.6
415,"Mebane, Brandon",LAC,DL,22,8.2,1.1,0.8,0.8,0,0,0,29.5
416,"Autry, Denico",OAK,DL,21.3,6.4,2.7,2,0,0,0,0,29.3
417,"Dial, Quinton",SFO,DL,21,12.6,0,1.9,0,0,0,0,29.2
418,"Allen, Beau",PHI,DL,21.3,9.8,1.6,0,0,0.5,0.5,0,28.8
419,"Hageman, Ra'Shede",ATL,DL,17.9,13.1,3.5,0.7,0,0,0,0,28.6
420,"Beckwith, Kendell",TBB,LB,21.4,9.5,1.1,0.7,0,0.4,0.3,0.2,28.6
421,"Unrein, Mitch",CHI,DL,20.3,14.2,1.2,0,0,0,0,0,28.6
422,"McDaniel, Tony",NOR,DL,19.8,14.8,0.1,1.2,0,0,0,0,28.5
423,"Hunt, Margus",IND,DL,16.4,16.4,2.1,1.6,0,0,0,0,28.3
424,"Lotulelei, Star",CAR,DL,16.6,15.9,1.6,1.6,0,0.2,0,0,28
425,"Peko, Domata",DEN,DL,16.2,16.1,0,3.6,0,0,0,0,27.8
426,"Weatherspoon, Sean",FA,LB,24.1,7.1,0,0.1,0,0,0,0,27.7
427,"Mauga, Josh",KCC,LB,18.8,6.2,1.1,2,1.4,0,0,0,27.7
428,"Willis, Jordan",CIN,DL,15.7,15.6,2.3,1.9,0,0,0,0,27.7
429,"Peters, Corey",ARZ,DL,18,16.8,0.8,0.4,0,0,0,0,27.6
430,"Crawford, Tyrone",DAL,DL,17.5,10.8,3.2,0,0,0.7,0.7,0,27.5
431,"Brown, Jayon",TEN,LB,16.6,8.3,1.9,3,0.4,0.4,0.4,0,27.3
432,"Ellis, Justin",OAK,DL,21.3,9.3,0,1.3,0,0,0,0,27.2
433,"Sims, Pat",CIN,DL,14,20.3,1.4,1,0,0,0,0,26.6
434,"Curry, Vinny",PHI,DL,18.8,8.3,2.9,0,0,0.5,0,0,26.3
435,"Lamur, Emmanuel",MIN,LB,18.5,11.8,0.3,1.1,0,0.4,0,0,26.3
436,"Matakevich, Tyler",PIT,LB,14.7,11.1,1.3,3,0,0.9,0.8,0,26.3
437,"Webster, Kayvon",LAR,DB,18.3,6.8,0.4,3,0.4,0.4,0,0,26.2
438,"Canady, Maurice",BAL,DB,17.5,8.8,0.5,3.4,0,0.4,0,0,26.2
439,"Bowser, Tyus",BAL,LB,15.3,14.8,0,3.1,0.1,0,0,0,26
440,"Palmer, Nate",TEN,LB,18.7,6.1,1.7,2.5,0,0,0,0,26
441,"Washington, Cornelius",DET,DL,18.5,8.6,1.6,0.9,0,0.6,0,0,25.9
442,"Armstead, Arik",SFO,DL,18.6,8.9,2.3,0,0,0.3,0,0,25.6
443,"Johnson, Leonard",BUF,DB,20.5,6.5,0,1.8,0,0,0,0.2,25.6
444,"Rivers, Derek",NEP,DL,14.4,18.4,1.2,0.7,0,0,0,0,25.5
445,"McKinley, Takkarist",ATL,DL,17.9,11.5,1.5,0.2,0,0,0,0,25.3
446,"Allen, Antonio",FA,DB,18.9,5.2,0,3.8,0,0,0,0,25.3
447,"Klug, Karl",TEN,DL,15.2,13.2,2.3,0.8,0,0,0,0,24.8
448,"Brooks, Ron",PHI,DB,15.1,7.4,0,3.4,0.6,0.6,0.4,0.2,24.5
449,"Jordan, Dion",SEA,DL,15.4,8.5,3.1,0.6,0,1.1,0,0,24.5
450,"Stuckey, Darrell",FA,DB,16.2,5.2,1.1,3.4,0.5,0,0,0,24.3
451,"Jones, DaQuan",TEN,DL,17.3,12.1,0.9,0,0,0,0,0,24.2
452,"Jones, Jarvis",ARZ,LB,16,7.2,1,1.7,0.4,0.8,0.3,0,24.2
453,"Logan, Bennie",KCC,DL,16.1,7.2,1.5,1.9,0,0.9,0,0,24.1
454,"Hood, Evander",WAS,DL,13.1,12.4,1,2.8,0,0.8,0,0,23.9
455,"McLendon, Steve",NYJ,DL,14.8,12.4,1.7,0.3,0,0.7,0,0,23.8
456,"Bryant, Desmond",CLE,DL,15.6,9.2,2.1,1.2,0,0.1,0,0,23.7
457,"Watt, T.J.",PIT,LB,13.9,8.6,1.3,2,0,1,0.9,0,23.4
458,"Hargrave, Javon",PIT,DL,16,10.9,1.7,0.3,0,0,0,0,23.4
459,"Collins, Maliek",DAL,DL,14.1,6.3,3.4,0.7,0,0.7,0.7,0,22.9
460,"Jernigan, Timmy",PHI,DL,12.3,10.2,2.2,1.5,0.5,0.3,0.3,0,22.8
461,"Riley, Duke",ATL,LB,15.7,8.1,1.2,1.6,0,0,0,0,22.6
462,"Thornton, Cedric",DAL,DL,11.6,12.6,1.9,0.9,0,0.9,0.9,0,22.6
463,"Covington, Christian",HOU,DL,16.3,11.3,0.2,0.4,0,0,0,0,22.5
464,"Tomlinson, Dalvin",NYG,DL,15.9,10.6,0.8,0.5,0,0,0,0,22.5
465,"Dodd, Kevin",TEN,LB,15.3,5.3,1.5,2.5,0.3,0,0,0,22.4
466,"Spence, Noah",TBB,DL,12.7,6,3.1,1,0,1.8,0.5,0,22.2
467,"Walker, Anthony",IND,LB,14.7,9.1,2,0.9,0,0,0,0,22.1
468,"Johnson, Tom",MIN,DL,14.6,6.3,2,0.8,0.8,0,0,0,22.1
469,"Walker, Tyrunn",LAR,DL,15.7,9.8,0.1,1.3,0,0,0,0,22
470,"Mauldin, Lorenzo",NYJ,LB,11.3,9.3,3,1.4,0.5,0.3,0.3,0,21.9
471,"Robinson, Josh",TBB,DB,16.6,2.2,0,3.4,0,0.5,0.4,0,21.9
472,"Anderson, Ryan",WAS,LB,13.4,11.4,2.3,0.2,0,0,0,0,21.6
473,"Galette, Junior",WAS,LB,13.8,10.4,2.3,0.2,0,0,0,0,21.4
474,"Floyd, Sharrif",MIN,DL,13.5,9.9,2,0.6,0,0.1,0.1,0.1,21.2
475,"Tapp, Darryl",NOR,DL,15.7,6.6,0.9,0.3,0,0.4,0.4,0,20.9
476,"McFadden, Leon",DAL,DB,14.6,7.2,0.7,1.6,0,0.3,0,0,20.7
477,"Kikaha,  Hau'oli",NOR,DL,12.3,10.8,1,2.1,0,0,0,0,20.7
478,"Peters, Brian",HOU,LB,13.2,9.3,0.4,0,0,1,1,0,20.3
479,"Square, Damion",LAC,DL,14.7,6.3,2.3,0,0,0,0,0.2,20.1
480,"Sutton, Will",MIN,DL,10.8,14.6,1.7,0,0,0,0,0,19.8
481,"Henry, Willie",BAL,DL,11.9,10.5,1.2,1.3,0,0,0,0,19.7
482,"Rucker, Frostee",ARZ,DL,9.5,14.7,1.3,0,0,0.7,0.7,0,19.6
483,"Dzubnar, Nick",LAC,LB,14.3,7.3,0.8,0.4,0,0.4,0,0,19.5
484,"Reader, D.J.",HOU,DL,10.4,12.1,1.7,1.1,0,0,0,0,19.3
485,"Clayborn, Adrian",ATL,DL,14,4.4,2.7,0.3,0,0,0,0.2,19.2
486,"Okafor, Alex",NOR,LB,11.2,6.7,2.4,1.3,0,0.5,0.4,0,19.2
487,"Williams, Sylvester",TEN,DL,13.6,7.3,0.6,0.5,0,0,0,0,18.4
488,"Mayowa, Benson",DAL,DL,10.9,8.5,2.9,0,0,0.1,0.1,0,18.3
489,"Lawson, Carl",CIN,LB,9.8,13.3,1.2,0.4,0,0,0,0,18.1
490,"Maggitt, Curt",FA,LB,11.4,8.4,1.5,0.7,0,0,0,0,17.7
491,"Reynolds, LaRoy",ATL,LB,12.8,9.3,0,0.1,0,0,0,0,17.6
492,"Bennett, Michael",JAC,DL,11.3,4.9,2.5,0.8,0,0,0,0,17.1
493,"Taylor, Devin",NYG,DL,11.5,5.6,1.5,0.8,0,0.4,0,0,17
494,"Mitchell, Earl",SFO,DL,10.7,10,1.1,0,0,0,0,0,16.8
495,"Johnson, George",TBB,DL,11.3,6.9,1.1,0.4,0,0.2,0,0,16.4
496,"Shelby, Derrick",ATL,DL,9.4,7.7,0.8,1.7,0,0,0,0,15.7
497,"Anderson, Henry",IND,DL,9.3,9.2,0.3,1.6,0,0,0,0,15.7
498,"Davison, Tyeler",NOR,DL,8.4,11.3,0.1,1.5,0,0,0,0,15.7
499,"Gilberry, Wallace",CIN,DL,10.5,7.3,1.5,0,0,0,0,0,15.6
500,"Jean-Francois, Ricky",GBP,DL,9.4,8.2,0.8,0.6,0,0.6,0,0,15.6
501,"Ringo, Christian",GBP,DL,10.6,6.2,0,0.4,0,1.5,0,0,15.5
502,"McGill, Keith",OAK,DB,11.3,4.9,0.2,1.4,0,0,0,0,15.4
503,"Jenkins, Jarvis",KCC,DL,11.3,6.2,0.6,0.3,0,0,0,0,15.3
504,"Powell, Tyvis",IND,DB,12.8,2.2,0.3,0.3,0,0,0,0,14.6
505,"Cooper, Xavier",CLE,DL,9.1,10.9,0,0,0,0,0,0,14.6
506,"Watson, Dekoda",SFO,LB,10.2,5.8,0.7,0,0,0.3,0.3,0,14.4
507,"McGee, Stacy",WAS,DL,10.6,3.5,1.4,0.3,0,0,0,0,14.2
508,"Gwacham, Obum",NOR,DL,8.2,7.8,2,0,0,0,0,0,14.1
509,"Stinson, Ed",ARZ,DL,11.1,1.9,1.5,0.4,0,0,0,0,13.9
510,"Ridgeway, Hassan",IND,DL,7.5,8.9,0.7,1,0,0,0,0,13.7
511,"Crawford, Jack",ATL,DL,7.7,9.3,1,0.3,0,0,0,0,13.7
512,"Walton, Leterrius",PIT,DL,9,6,0,1.6,0,0,0,0,13.6
513,"Skov, Shayne",FA,LB,10,6,0,0,0,0,0,0,13
514,"Johnson, Steven",PIT,LB,6.9,6.5,0.2,1.3,0,1.3,0,0,12.9
515,"Reddick, Haason",ARZ,LB,9.3,6.1,0.5,0,0,0,0,0,12.8
516,"Walker, DeMarcus",DEN,DL,6.2,9.9,1,0.8,0,0,0,0,12.8
517,"Jenkins, Jelani",OAK,LB,9.4,6.5,0,0,0,0,0,0,12.7
518,"Wormley, Chris",BAL,DL,7.4,7.9,0,1.3,0,0,0,0,12.7
519,"Walker, Joe",PHI,LB,9.2,4.8,0.6,0.4,0,0,0,0,12.5
520,"Klein, A.J.",NOR,LB,8,6.1,0.6,0,0,0.6,0,0,12.4
521,"Philon, Darius",LAC,DL,8.2,2.9,1.8,0.8,0,0,0,0,12.3
522,"Lattimore, Jamari",BUF,LB,7,7.4,0.2,0,0,1.4,0,0,12.3
523,"Ragland, Reggie",BUF,LB,6.3,8.1,0.2,0,0,1.5,0,0,12.1
524,"Bailey, Allen",KCC,DL,9,4,0.3,0,0,0.3,0,0,11.7
525,"Smith, Jaylon",DAL,LB,9.6,2.6,0.2,0,0,0,0,0,11.1
526,"Anzalone, Alex",NOR,LB,6.3,5.4,0.4,0.4,0,0.8,0.4,0,11
527,"Washington, Adolphus",BUF,DL,7.1,5,1.2,0.1,0,0,0,0,11
528,"Howard, Jaye",CHI,DL,9.1,2.4,0,0,0,0.6,0,0,10.9
529,"Coyle, Brock",SFO,LB,7.6,4.9,0.3,0,0,0,0,0,10.3
530,"Pierre-Louis, Kevin",KCC,LB,6.3,3.8,1,0.8,0,0,0,0,10.1
531,"McCullers, Daniel",PIT,DL,5.8,5.4,0.2,1,0,0,0,0,9.8
532,"Thomas, Shamarko",NYJ,DB,6.5,2.2,0,1.8,0,0,0,0,9.4
533,"Lewis-Moore, Kapron",CHI,DL,6.3,5.1,0.4,0,0,0,0,0,9.2
534,"Kerr, Zach",DEN,DL,3.6,8.7,1.1,0,0,0,0,0,9
535,"Johnson, Austin",TEN,DL,4.4,7.5,0.5,0,0,0,0,0,8.7
536,"Thomas, Robert",NYG,DL,5.4,4.3,0.7,0,0,0,0,0,8.3
537,"Catapano, Mike",FA,DL,5.7,3.1,0.6,0,0,0,0,0,7.9
538,"Jacobs, Ben",CAR,LB,5,4.9,0,0,0,0,0,0,7.6
539,"Hull, Mike",MIA,LB,5.1,3.2,0,0.2,0.2,0,0,0,7.2
540,"Calhoun, Shilique",OAK,LB,6,0.5,0,0.9,0,0,0,0,7.1
541,"Morgan, Mike",SEA,LB,4.7,1.8,0,0.2,0.2,0,0,0,6.2
542,"Gotsis, Adam",DEN,DL,2,7.8,0,0.2,0,0,0,0,6
543,"Armbrister, Thurston",DET,LB,5.6,0,0,0,0,0,0,0,5.6
544,"Wilber, Kyle",DAL,LB,3.5,3.2,0,0,0,0.2,0.2,0,5.5
545,"Freeny, Jonathan",NEP,LB,2.4,3.8,0,0,0,0.8,0,0,5.1
546,"McNary, Josh",JAC,LB,3.8,2.2,0,0,0,0,0,0,4.9
547,"Dawson, Paul",CIN,LB,3,3.1,0,0.1,0,0,0,0,4.7
548,"Cole, Audie",JAC,LB,3.4,2.5,0,0,0,0,0,0,4.7
549,"Heath, Joel",HOU,DL,3,2.8,0.3,0,0,0,0,0,4.6
550,"Ishmael, Kemal",ATL,LB,2.9,3,0,0.2,0,0,0,0,4.6
551,"Lynch, Cameron",TBB,LB,2.7,2,0.5,0,0,0,0,0,4.3
552,"Golston, Kedric",FA,DL,0.6,6,0,0,0,0,0,0,3.6
553,"Littleton, Cory",LAR,LB,3.1,0.8,0,0,0,0,0,0,3.5
554,"Orchard, Nate",CLE,DL,1.8,3.3,0,0,0,0,0,0,3.5
555,"Davis, Carl",BAL,DL,0.6,4.8,0,0,0,0,0,0,2.9
556,"Lanier, Anthony",WAS,DL,0.8,3.8,0,0,0,0,0,0,2.7
557,"Alexander, D.J.",SEA,LB,1.4,0.2,0,0,0,0.6,0,0,2.1
558,"Kaufusi, Bronson",BAL,DL,0.1,3,0,0,0,0,0,0,1.6
559,"Glanton, Adarius",TBB,LB,1.5,0,0,0,0,0,0,0,1.5
560,"Hager, Bryce",LAR,LB,0.7,0,0,0.8,0,0,0,0,1.5
561,"Fairley, Nick",NOR,DL,1,0.5,0.2,0,0,0,0,0,1.4
562,"Still, Devon",NYJ,DL,0.4,1.6,0,0,0,0,0,0,1.2
563,"Brothers, Kentrell",MIN,LB,0.6,0,0,0.2,0,0,0,0,0.8
564,"Crichton, Scott",FA,DL,0.2,0.4,0,0,0,0,0,0,0.4
565,"Bond, Devante",TBB,LB,0,0,0,0,0,0,0,0,0